"p_val","avg_log2FC","pct.1","pct.2","p_val_adj","gene"
0,1.28256763500685,0.452,0.166,0,"CD209"
0,1.60235949429437,0.546,0.265,0,"DUSP1"
0,0.728863346743531,0.604,0.348,0,"COL9A3"
0,1.24064189329706,0.765,0.521,0,"DUSP6"
0,0.79806691554836,0.467,0.255,0,"AR"
0,1.59970975205494,0.313,0.117,0,"SOX4"
0,0.697434837904839,0.395,0.205,0,"WNT7B"
0,-1.37714062427405,0.213,0.392,0,"HSPA1A/B"
0,-1.45730221107874,0.195,0.365,0,"TIMP1"
0,-1.70428395113237,0.18,0.345,0,"MT2A"
0,0.926000784467123,0.311,0.149,0,"SMO"
0,-1.6513565559446,0.089,0.243,0,"GADD45B"
0,-1.06595893771044,0.237,0.387,0,"IFITM3"
0,-1.37173248999643,0.092,0.237,0,"HSP90AA1"
0,0.673189960991357,0.266,0.134,0,"SERPINA1"
0,0.634005209157896,0.364,0.233,0,"IFI6"
0,-1.24626447669497,0.07,0.2,0,"ENO1"
0,-1.78567700985455,0.097,0.227,0,"MT1X"
0,0.402346460319802,0.31,0.182,0,"LTB"
0,1.63136879487308,0.205,0.078,0,"IGHG2"
0,-0.739522746071554,0.155,0.28,0,"HSP90AB1"
0,1.054365029541,0.205,0.087,0,"OASL"
0,-0.880815490092598,0.094,0.21,0,"LDHA"
0,0.964115538354775,0.275,0.16,0,"VHL"
0,0.759075617390987,0.255,0.141,0,"KRT17"
0,0.865316559070417,0.26,0.148,0,"KLF2"
0,-0.648621692942933,0.144,0.255,0,"CD63"
0,1.12446162003084,0.178,0.068,0,"P2RX5"
0,-0.578897114739892,0.186,0.295,0,"PFN1"
0,-1.10479384292793,0.087,0.195,0,"SOD2"
0,1.08953661611862,0.205,0.098,0,"TYK2"
0,1.06984628663713,0.212,0.106,0,"KRT86"
0,-1.19033340612164,0.068,0.174,0,"CD59"
0,-0.621965202015695,0.205,0.309,0,"YBX3"
0,-0.641663427818648,0.432,0.535,0,"MHC I"
0,0.921822448942105,0.198,0.096,0,"S100P"
0,0.707014333619668,0.289,0.188,0,"SNAI1"
0,-0.472290854514635,0.162,0.261,0,"ANXA2"
0,-0.977702501343973,0.056,0.153,0,"HIF1A"
0,-0.978678832527726,0.058,0.153,0,"PGK1"
0,-0.894789974863392,0.074,0.168,0,"MIF"
0,-0.984892228228846,0.13,0.223,0,"THBS2"
0,-1.16781321665197,0.056,0.148,0,"CD68"
0,0.700724649535479,0.34,0.256,0,"ADIRF"
0,-0.546119157219116,0.084,0.166,0,"SAT1"
0,-1.01553822583014,0.066,0.148,0,"TM4SF1"
0,-0.932343123626302,0.051,0.13,0,"OSMR"
0,-0.682556352339977,0.103,0.182,0,"GLUL"
0,-0.912967703451836,0.06,0.134,0,"ENG"
0,-1.1576595608492,0.043,0.117,0,"CCL2"
0,-1.0147339471697,0.101,0.175,0,"THBS1"
0,-0.581445287345582,0.066,0.135,0,"STAT3"
0,-0.845620626832183,0.055,0.122,0,"ATP5F1B"
0,0.80806463984928,0.137,0.072,0,"IL17D"
0,0.979758307231156,0.11,0.048,0,"LINC02446"
0,0.825533306115629,0.117,0.057,0,"LINC01857"
0,-1.05624502213667,0.036,0.095,0,"ITGA5"
0,0.847576013283382,0.114,0.055,0,"TNNT2"
0,-1.31579426378388,0.03,0.086,0,"SERPINA3"
0,-1.31026223406223,0.022,0.076,0,"LYVE1"
1.28352991050111e-307,-0.762187200106982,0.079,0.15,1.84533726476962e-306,"HSP90B1"
2.22265148211751e-305,-1.3403448620251,0.025,0.072,3.14397637067268e-304,"MYC"
8.35721246740696e-303,-0.514192028571587,0.092,0.167,1.16337703712951e-301,"CD44"
5.49786485480315e-284,-0.293515937718642,0.173,0.267,7.53379293384744e-283,"UBA52"
2.64085902759245e-282,-1.9064969185936,0.024,0.067,3.56312825722859e-281,"S100A9"
7.33000873221058e-282,1.08189356738998,0.279,0.208,9.74002675477072e-281,"ACTA2"
1.88528564681777e-275,-0.691628054234985,0.133,0.209,2.46775449590923e-274,"COL4A2"
8.96289770720351e-257,-0.629005102808411,0.115,0.185,1.15595018959081e-255,"APOD"
1.62139493780096e-254,-0.4429058073681,0.096,0.165,2.06081646442238e-253,"TPI1"
1.36070371109269e-252,-0.794513599984803,0.04,0.088,1.7047673637547e-251,"HEXB"
1.17632117922566e-251,-0.775956738870474,0.163,0.237,1.45300517490268e-250,"COL4A1"
1.71498206133539e-250,-0.983610203499125,0.041,0.09,2.08894342748769e-249,"BAG3"
2.06020340784886e-246,-0.668605038564979,0.083,0.146,2.47506628586775e-245,"ANXA1"
1.24498360750926e-238,-0.624309527249033,0.067,0.125,1.47547381592652e-237,"APP"
1.50306886391097e-234,-0.316837287782813,0.132,0.208,1.75758852486656e-233,"NACA"
7.95442780084195e-229,-0.910980722739822,0.03,0.071,9.17899102807683e-228,"FGF7"
3.47520137111173e-223,-0.307846235144903,0.266,0.358,3.95811896424024e-222,"PPIA"
7.6600829854129e-218,-0.766140159542303,0.04,0.084,8.61268304898348e-217,"SEC61G"
1.60492627320657e-217,-0.814956030079758,0.035,0.078,1.78167131848375e-216,"HILPDA"
1.98153611014909e-214,-0.470177758128931,0.289,0.373,2.17225896075094e-213,"HSPB1"
7.89122412569575e-214,-0.496348438128267,0.063,0.117,8.54395501016688e-213,"ATP5F1E"
7.667716682869e-212,0.488279536467024,0.546,0.503,8.20071650106843e-211,"VIM"
3.28556431363562e-211,0.68176436917601,0.259,0.194,3.47161434103426e-210,"MYH11"
1.22165848590976e-209,-1.15209676695121,0.022,0.056,1.2754696335034e-208,"FPR1"
1.71543937982623e-207,0.571699209451255,0.13,0.077,1.76992980718542e-206,"CCL17"
3.25013260227539e-205,-0.305064371317225,0.156,0.232,3.31437940952967e-204,"EIF5A/L1"
8.87384583545832e-205,-0.394688517162421,0.123,0.189,8.94524459505396e-204,"SRGN"
1.09692193463838e-202,0.62210405330985,0.118,0.069,1.09318242804302e-201,"OAS1"
2.36461897324334e-201,-0.539007656056011,0.065,0.117,2.33007959498248e-200,"FKBP5"
5.05865505323157e-201,-1.01951339847934,0.034,0.074,4.92937831298232e-200,"RARA"
2.20774257150584e-200,0.70737569726768,0.108,0.062,2.12768157715453e-199,"SPOCK2"
6.62718664518156e-199,0.550214451253259,0.251,0.186,6.31743770415677e-198,"CRIP1"
1.06819942880099e-198,-1.17708832339872,0.02,0.052,1.00732354737469e-197,"ABL2"
1.43429555077223e-195,0.746515517793402,0.087,0.046,1.33816723194388e-194,"CCL15"
1.65350648758611e-195,-0.754248772285803,0.052,0.098,1.5264475680137e-194,"ARID5B"
6.31735124704371e-195,-0.728056954036974,0.045,0.088,5.77116358714306e-194,"XBP1"
3.84665603043798e-192,-0.37305278544612,0.083,0.14,3.47785292648877e-191,"IL6ST"
1.43545912357001e-189,-1.25935739853331,0.02,0.051,1.28458944017439e-188,"ITGAX"
2.51611420932557e-188,1.02197555212769,0.11,0.064,2.22892137533184e-187,"IGKC"
8.23162593772216e-187,-0.561847946694118,0.036,0.075,7.21913594738234e-186,"IL1R1"
5.35156702534616e-186,-0.683616380128259,0.044,0.086,4.64685572398869e-185,"TUBB4B"
2.10174142969658e-184,-0.514398294234803,0.072,0.123,1.80708552337637e-183,"GSTP1"
5.27400662499529e-183,-0.334940926480523,0.358,0.436,4.49058622341832e-182,"B2M"
5.78675715201813e-182,-0.93252128830955,0.038,0.077,4.87979425223067e-181,"MSR1"
3.27825593674589e-181,0.585820696105992,0.121,0.074,2.73812424431062e-180,"TWIST2"
6.24797677647333e-181,-0.32371071607036,0.09,0.146,5.16931663487463e-180,"CTNNB1"
3.44749416011298e-177,-0.592081841883444,0.051,0.093,2.82565642842905e-176,"CXCL14"
2.19108615948859e-175,-0.407402491335935,0.072,0.122,1.77924311284397e-174,"SRSF2"
3.03971969811496e-175,-0.651608948836261,0.029,0.063,2.44571942683194e-174,"IL4R"
2.17316754657783e-174,-1.31832749547096,0.023,0.055,1.73260721668069e-173,"ACKR1"
1.4131832988019e-172,0.74811867213823,0.08,0.043,1.1165421198642e-171,"C5AR2"
3.8674863955251e-172,-0.514211493198252,0.062,0.109,3.02837997221028e-171,"PTGES3"
1.0386093120622e-169,-1.31821463848209,0.043,0.081,8.06071120954468e-169,"CD163"
2.2701336185874e-166,-0.420731090579424,0.157,0.223,1.74640981008873e-165,"GPX3"
1.40991454562492e-164,-0.62068460073177,0.046,0.086,1.07521309262005e-163,"IL32"
6.26030342942443e-164,-0.545343853107593,0.136,0.196,4.73300526517692e-163,"CTSD"
1.45330499937647e-163,-0.287236682808406,0.14,0.205,1.0893576790198e-162,"ITGB1"
2.21738085388473e-161,0.780290527473683,0.084,0.047,1.64800254987873e-160,"UBE2C"
3.05183382768806e-160,-0.197091787606128,0.167,0.236,2.24912459401885e-159,"RPL22"
5.18245251342111e-159,-0.704574901664515,0.065,0.109,3.78750904522526e-158,"COL6A3"
1.62306834871345e-158,-0.732187627926658,0.034,0.069,1.1763892081171e-157,"IL13RA1"
4.783893633258e-157,-0.223298783482241,0.127,0.188,3.43891370194038e-156,"ARF1"
1.39508352123313e-155,-0.403450434287729,0.095,0.147,9.94705892781668e-155,"CSTB"
9.96604068522389e-155,-0.339598636186707,0.103,0.157,7.04856264592044e-154,"TGFBR2"
5.59501929824913e-151,-0.46287770972298,0.047,0.086,3.92546553965159e-150,"IL33"
4.01684669516295e-149,-0.502029530978067,0.04,0.076,2.79585281877612e-148,"LAMP2"
9.04479865129923e-149,-0.87927104432704,0.028,0.059,6.24589639148773e-148,"MFAP5"
5.75174444953807e-148,-0.375474476000238,0.072,0.116,3.94084365800382e-147,"GPNMB"
9.67398268991929e-148,-1.12558010069874,0.03,0.062,6.57680838686761e-147,"IL6"
1.09070868142175e-147,-1.23914917470299,0.02,0.047,7.3580885662067e-147,"IL17RA"
3.1793650744115e-147,-0.438587589009702,0.068,0.112,2.1284757024877e-146,"LGALS3"
5.10816817912278e-145,0.747237847621777,0.149,0.104,3.39383597961415e-144,"HLA-DQB1/2"
6.98737380791889e-145,-0.151386027592706,0.17,0.237,4.60746378161268e-144,"RACK1"
5.11764793495481e-141,-0.522964228498307,0.049,0.087,3.34938599922042e-140,"PDGFRA"
3.75790717419033e-138,-0.532752378883732,0.048,0.085,2.44124784575179e-137,"ABL1"
5.59573389884706e-135,-0.661008650578252,0.034,0.065,3.60842546271241e-134,"FCER1G"
7.40204941258185e-132,0.76728230296394,0.063,0.034,4.7383922152075e-131,"PSCA"
2.30106550456077e-131,-0.121819557302454,0.239,0.312,1.46234380253608e-130,"ITM2B"
6.04548647505563e-131,0.13432610781665,0.438,0.371,3.81431053138402e-130,"TAGLN"
1.36499635400162e-130,0.260043870290692,0.382,0.322,8.55072716042442e-130,"TPM2"
2.22138156047444e-129,-0.618916406778391,0.078,0.12,1.38166782165679e-128,"APOE"
1.32913990924239e-128,0.591184416812971,0.118,0.079,8.20884296060265e-128,"RGCC"
1.46172297256473e-128,0.545358531649772,0.274,0.226,8.96455277579907e-128,"COL6A1"
4.52698687389932e-128,1.56491968976081,0.079,0.047,2.75706075584007e-127,"IGHG1"
3.0108722951118e-126,-0.701668963652854,0.035,0.066,1.82105862262969e-125,"BMP1"
9.64967721298905e-126,-0.71976525932045,0.03,0.059,5.79641569574753e-125,"IGF2R"
2.98612010088156e-125,-0.386491665884508,0.052,0.087,1.7815151894375e-124,"MRC2"
3.91328793937117e-125,-1.20124420303397,0.021,0.045,2.31888751542467e-124,"CDH5"
1.45563392928477e-124,0.740354099845444,0.092,0.058,8.56772453679691e-124,"BBLN"
2.89755092581505e-124,-0.554216442002489,0.032,0.061,1.6941014412932e-123,"LDLR"
7.68194337167734e-124,-0.299979016802598,0.253,0.319,4.46163201123247e-123,"PSAP"
8.67542230107279e-124,-0.377115564150999,0.076,0.117,5.00549036713213e-123,"RGS2"
1.64165376339294e-122,-0.8395329395752,0.026,0.052,9.41000229082098e-122,"ACVR1"
5.50742108536027e-122,0.7381140196505,0.097,0.063,3.13636902068893e-121,"ITGA8"
2.5973699291396e-121,-0.515676822629876,0.042,0.074,1.46960866313254e-120,"IFNGR1"
1.56462155436859e-120,-0.153910571938147,0.272,0.343,8.79598143064904e-120,"RPL37"
1.94760713184728e-120,-0.881749252596062,0.036,0.066,1.0879308628217e-119,"VWF"
3.10341398250716e-120,-0.178583627634227,0.112,0.161,1.72259117889796e-119,"JUN"
3.87596626877206e-120,-0.58268167046408,0.049,0.083,2.13787573441075e-119,"GLUD1"
1.22121840822378e-119,-0.73024627859143,0.034,0.063,6.69380340007658e-119,"COL5A2"
2.91462116898825e-119,-1.24791253322305,0.021,0.044,1.58765389143025e-118,"Negative04"
6.41647873130251e-119,-0.405246822053935,0.349,0.4,3.47361225145204e-118,"IGFBP7"
1.08216841943131e-118,0.648251076891088,0.067,0.038,5.82246444074394e-118,"TIGIT"
3.76694852776743e-118,-0.343578283239784,0.139,0.191,2.01439869442197e-117,"IFITM1"
7.58346445631557e-118,-0.819710945756366,0.03,0.057,4.03072625950834e-117,"CCR1"
1.40878539326748e-117,-0.424034086872321,0.069,0.108,7.44279993913001e-117,"BASP1"
1.01393245947742e-115,-0.622041712502189,0.037,0.067,5.32466327521977e-115,"ITGB2"
2.35170064837277e-115,-0.363889585590531,0.048,0.081,1.22764373132316e-114,"ARHGDIB"
6.68506038047733e-114,-1.22284759979794,0.028,0.054,3.46911121519445e-113,"CD19"
9.5501915104482e-114,-0.775528194202665,0.029,0.055,4.92677526744887e-113,"CSF2RA"
1.7826988768428e-113,-0.997659265212396,0.026,0.052,9.14284745608849e-113,"RAMP3"
2.65232684759157e-113,-0.909655184203957,0.025,0.05,1.35237828217314e-112,"ICAM1"
4.45719202296395e-112,-0.453248238878242,0.04,0.071,2.25951295036959e-111,"CD55"
1.26320529201982e-111,-1.30152590285371,0.022,0.045,6.36684506380104e-111,"EFNB2"
1.57951413893048e-110,-0.603457700468082,0.043,0.074,7.9156222848116e-110,"RELA"
1.82109206900213e-110,-0.817822251324035,0.024,0.048,9.07441900292538e-110,"ATG5"
2.07372294199276e-109,-1.08298085131615,0.028,0.054,1.02748871193653e-108,"NPR3"
1.33424053508378e-108,-0.169363422315451,0.141,0.191,6.57375814195773e-108,"HLA-DRB"
1.76578246540347e-108,-1.19627769021661,0.018,0.04,8.65134760982592e-108,"FASN"
7.62021507236901e-108,-0.648641978972037,0.033,0.059,3.7127381213709e-107,"DDR2"
2.2005218818e-106,-0.135480596382104,0.219,0.282,1.06621971841911e-105,"FAU"
3.85163388807048e-106,0.506630444789866,0.091,0.059,1.85597962628451e-105,"FFAR3"
6.34324556896351e-105,-0.946814021287659,0.029,0.054,3.03990511692951e-104,"ACVRL1"
6.45419934592968e-105,-0.354193944906191,0.042,0.071,3.07626784042409e-104,"CD164"
2.89185198129598e-104,-0.789006099285565,0.026,0.049,1.37089415545761e-103,"ACVR1B"
7.37885064810435e-104,0.676496834162152,0.059,0.034,3.47916775182125e-103,"TCAP"
5.41062445844846e-103,-0.133853035606989,0.104,0.148,2.53749606955043e-102,"BTG1"
1.02332728269218e-102,-0.710082009269864,0.033,0.06,4.77371290915446e-102,"GSK3B"
1.33660393473541e-102,-0.271865815070665,0.093,0.135,6.20212513631192e-102,"SERPINH1"
1.39124629990276e-102,-1.02081491224088,0.017,0.037,6.42170002639325e-102,"PTGS1"
4.31551376458367e-102,0.72817526618035,0.29,0.256,1.98152124164392e-101,"SPARCL1"
8.23627465935607e-102,-0.582957539920776,0.035,0.062,3.76209003971629e-101,"IRF3"
1.40265047689303e-101,-0.517683336474444,0.042,0.071,6.37370190795436e-101,"MAP1LC3B/2"
3.02814529548704e-101,-1.35712533414055,0.011,0.028,1.36890898151656e-100,"TNFRSF10D"
9.23498312373675e-100,0.603988947163857,0.066,0.04,4.15337446129084e-99,"SFN"
1.01692574060837e-99,-0.23679145042345,0.051,0.083,4.55022384955888e-99,"SEC23A"
7.30829866516902e-99,-0.584835846872468,0.055,0.087,3.25349133469707e-98,"FLT1"
7.80395586290997e-99,-0.767481602193657,0.023,0.045,3.45660065241012e-98,"IL16"
1.75574260438813e-98,-0.94481814230971,0.018,0.039,7.73761941732858e-98,"NPR1"
1.82625915513737e-98,-0.606686611277475,0.038,0.065,8.00814639527739e-98,"FCGR3A/B"
1.67206268404664e-97,-1.24303133122717,0.02,0.04,7.29551728312888e-97,"CASP3"
1.93121028509249e-97,-0.204890974696243,0.299,0.364,8.38451198032728e-97,"S100A6"
1.96256054658916e-97,-0.536278938179256,0.029,0.053,8.47864827270294e-97,"TGFB1"
2.07569599115309e-97,-0.398295437864657,0.055,0.086,8.92345776588851e-97,"CD93"
4.97640215155127e-97,-0.573862249637904,0.041,0.069,2.12892911556608e-96,"MAP2K1"
6.52752884038522e-97,-0.812066654407178,0.019,0.039,2.77895281214458e-96,"IL1RAP"
1.26116723650317e-96,-0.516790644191141,0.041,0.068,5.34320611793856e-96,"ETS1"
3.11302469284179e-96,0.39280226018229,0.083,0.053,1.31255896904916e-95,"MMP7"
7.61770410005106e-96,0.304353772990162,0.13,0.094,3.19651985442334e-95,"RELT"
1.0408236297622e-95,-0.356635429626521,0.053,0.084,4.34667773000692e-95,"BCL2L1"
1.06672698379905e-95,-0.906625217827489,0.017,0.036,4.43374201323112e-95,"ADGRL4"
2.83387422338122e-94,0.458953166217555,0.071,0.044,1.17231494995535e-93,"ELANE"
1.37981866241288e-93,-0.412393489564626,0.048,0.077,5.68122519688309e-93,"ATF3"
4.59508250311594e-92,-0.244055791242139,0.085,0.122,1.88312493235172e-91,"CCDC80"
7.15803610230625e-92,-0.783412782935661,0.025,0.047,2.91981286591748e-91,"HGF"
6.43101432091273e-91,-0.690206819097393,0.03,0.054,2.61111090714836e-90,"BRAF"
5.28003521503654e-90,-1.16718457459441,0.029,0.051,2.13391284957928e-89,"PTTG1"
5.54826731309933e-90,-0.122938017230774,0.144,0.193,2.23203230898537e-89,"BTF3"
1.75714952502179e-89,-0.457610200702192,0.047,0.076,7.03662161390003e-89,"BAX"
4.17334234846558e-88,-0.519732191739359,0.047,0.075,1.66364601800196e-87,"CSF1"
1.11462248590778e-87,-0.802038656038716,0.024,0.045,4.42318515900962e-87,"MERTK"
1.98143335137651e-87,-0.648539428655087,0.025,0.047,7.82755427548288e-87,"ATR"
8.17116902606914e-87,0.47315912988608,0.068,0.043,3.21350459007293e-86,"EFNA4"
1.01814967477655e-86,-0.772054424061492,0.028,0.05,3.98623778919212e-86,"NFKB1"
1.25794483151505e-86,-0.635304431127345,0.042,0.068,4.90318940994979e-86,"SLCO2B1"
1.23261565895583e-85,-0.792606349186395,0.025,0.046,4.78320324293922e-85,"LIFR"
1.8056395361832e-85,0.498606320293527,0.065,0.041,6.97597300983552e-85,"SQLE"
1.70123005366669e-84,-0.37272089195483,0.041,0.067,6.54376647835827e-84,"SMAD2"
2.5893627239466e-84,0.426506503125539,0.078,0.051,9.91646772445924e-84,"IL18R1"
5.9456794501219e-84,-1.20846700634989,0.016,0.033,2.2671134251117e-83,"CALB1"
1.02095247060234e-83,0.582271025294723,0.059,0.036,3.87608362215695e-83,"LY6D"
1.41102171531341e-83,-0.786345204659705,0.017,0.035,5.33390536349077e-83,"MRC1"
2.76053048868839e-83,-1.33941729348894,0.017,0.035,1.0390494586179e-82,"WNT3"
5.11139751808172e-82,-0.328363641317514,0.061,0.091,1.91568189032379e-81,"C1QA"
2.2624149868927e-81,0.60407393143036,0.287,0.256,8.44314018512724e-81,"MYL9"
2.48784745549723e-81,-0.516345381140265,0.029,0.05,9.24509414606386e-81,"STAT6"
1.71802602571924e-80,-0.469221063756191,0.04,0.065,6.35742120065728e-80,"TNFRSF11B"
2.3354713008421e-80,-0.270359747487544,0.044,0.069,8.60591735646437e-80,"IGF2"
4.03232070861252e-80,-0.240063721233464,0.127,0.167,1.47964236880886e-79,"HLA-DRA"
1.48155303315127e-79,-0.962554419627584,0.02,0.038,5.41384170864027e-79,"AREG"
5.63051487563901e-79,-1.05582788173878,0.02,0.038,2.04894669955826e-78,"CLEC1A"
1.92001320369337e-78,-0.81562443346128,0.021,0.039,6.9580643786739e-78,"CD40"
2.23008171748528e-78,-0.400480454055891,0.058,0.086,8.04848422318762e-78,"TGFBI"
2.39443768705807e-78,-0.702196833922527,0.026,0.046,8.60623709651611e-78,"ADGRF5"
5.78018472688571e-78,-0.400835767324524,0.037,0.061,2.06907020631787e-77,"CD47"
4.66672857407642e-77,-0.655432056229799,0.029,0.05,1.6637077070996e-76,"CYP1B1"
2.9261298868961e-76,-0.778700403572216,0.023,0.041,1.03895381004368e-75,"PARP1"
6.36282889211758e-76,0.56240384725764,0.074,0.05,2.25008102354319e-75,"PTPRCAP"
8.20062648183195e-76,-0.802203229046078,0.023,0.042,2.88833310223559e-75,"NOTCH1"
1.95230862453449e-75,-0.843770624697999,0.023,0.042,6.84869865486699e-75,"HDAC4"
2.68054344121237e-75,-0.282462946817144,0.052,0.079,9.36588286033165e-75,"H2AZ1"
4.82100976536133e-75,-0.657593644452277,0.024,0.043,1.67778792231027e-74,"BECN1"
5.57264272790431e-75,0.777740286008925,0.11,0.082,1.93170263730122e-74,"CARMN"
6.54286826295301e-75,-1.01264066142488,0.014,0.029,2.25909270338968e-74,"GZMK"
4.38049216096433e-74,-1.01665718011966,0.02,0.037,1.5065457353591e-73,"MARCO"
8.1255047179675e-74,-0.645002914369828,0.026,0.046,2.78362017095996e-73,"KITLG"
2.26445311550474e-73,-1.37029275161315,0.012,0.027,7.72733611788972e-73,"FAM30A"
3.89469224455699e-73,-1.17225909860553,0.014,0.03,1.32389344902189e-72,"IL15"
5.57304998668911e-73,-0.417592017969529,0.042,0.066,1.88709067116847e-72,"HLA-DPB1"
9.76252250632311e-73,-0.295221948666868,0.071,0.102,3.29297393770976e-72,"EMP3"
1.21067363060741e-72,-0.893778655889523,0.018,0.035,4.06804894269233e-72,"CD84"
1.29793567712454e-72,-0.217167965387309,0.144,0.186,4.34461675129091e-72,"VEGFA"
3.61423687251714e-72,0.325991602479832,0.126,0.095,1.20520370235648e-71,"INHA"
5.47802425421858e-72,0.562132532045039,0.053,0.033,1.81978305717792e-71,"KRT14"
1.99719364812243e-71,0.446631415054841,0.085,0.059,6.60958048831462e-71,"EPHB6"
5.37015441624036e-71,-0.141449725483704,0.108,0.146,1.77053587332436e-70,"RAC1"
6.76139489770793e-71,-0.985726660521001,0.025,0.044,2.22087764992129e-70,"ANGPT1"
8.26696279037002e-71,-0.950703518450633,0.016,0.032,2.70527103252034e-70,"MAPK13"
9.07576251963943e-71,-1.25155337294068,0.014,0.029,2.95890101476721e-70,"REG1A"
2.20472755626752e-70,-0.805953746010204,0.026,0.044,7.16128172906154e-70,"BID"
2.57030994250655e-70,-0.653774418642681,0.032,0.052,8.31794029364667e-70,"CACNA1C"
3.29621953582934e-70,-1.03746697256052,0.015,0.03,1.06278843122145e-69,"PPARG"
1.08464044981924e-69,-0.283515799309738,0.05,0.075,3.48435778202004e-69,"LYZ"
5.81492342851008e-69,-0.823134132567308,0.024,0.042,1.86119994408881e-68,"FAP"
6.01550292477812e-69,-0.677695348567423,0.029,0.048,1.91839856910197e-68,"TIE1"
1.47921854637561e-68,-1.31002470170844,0.009,0.021,4.70027052598338e-68,"Negative02"
1.82517080270538e-68,-0.989313173337881,0.012,0.026,5.77860936452208e-68,"CLEC5A"
1.46550543110658e-67,-1.09468749232052,0.018,0.034,4.62319519093695e-67,"CLEC10A"
1.90023025788535e-67,-0.642644293891763,0.028,0.047,5.97312521923101e-67,"IFNAR2"
3.06836332885173e-67,-0.190618425905798,0.077,0.107,9.61055228358202e-67,"NDRG1"
4.03235672419616e-67,-0.625468981024815,0.032,0.052,1.25849709861923e-66,"FZD4"
1.65382233252475e-66,-0.482997988033633,0.038,0.059,5.14327016178795e-66,"VSIR"
3.61683270132756e-66,-0.40166605620846,0.036,0.057,1.12083472758455e-65,"TGFB3"
4.18106659214661e-66,-1.07885145209255,0.019,0.036,1.29112514130724e-65,"CHI3L1"
7.18390856903354e-66,-0.891354764784343,0.03,0.049,2.21062730352365e-65,"ACVR2A"
7.22608464585583e-66,-0.680836156427279,0.022,0.039,2.21583085119425e-65,"FGF1"
8.10179969939088e-66,-1.2268005858873,0.012,0.026,2.47570673740969e-65,"BRCA1"
1.09352165782204e-65,-1.17756232102898,0.011,0.025,3.32992532607615e-65,"IL18"
1.8059978374655e-65,-0.976918892440601,0.013,0.027,5.48048478704928e-65,"IKZF3"
2.05663108591167e-64,-0.78946490769135,0.019,0.034,6.21953607705012e-64,"TLR4"
3.07643099382031e-64,0.46019329896783,0.051,0.032,9.27158069271618e-64,"CD79A"
3.88636865683609e-64,-0.964208417429523,0.019,0.035,1.16724154522097e-63,"CD24"
4.81136250942433e-64,-0.367574361357932,0.049,0.072,1.44012454633623e-63,"NFKBIA"
1.41194808728885e-63,-0.710433964298048,0.032,0.051,4.2118315392936e-63,"EPHA3"
1.72279656953382e-63,-0.335021860730448,0.038,0.06,5.12166980163104e-63,"NR3C1"
2.97495889125154e-63,0.161124885878304,0.118,0.089,8.81432076901217e-63,"HBA1/2"
1.04995493416855e-62,-0.598270128215011,0.027,0.045,3.10037197732597e-62,"SPRY2"
1.07328433472989e-62,-0.474927826040234,0.034,0.054,3.1586253743561e-62,"NTRK2"
2.18765349479587e-62,-1.05600929184731,0.013,0.026,6.41662914694308e-62,"CXCR2"
2.35963406832954e-62,-0.847502750495845,0.026,0.044,6.8979969264167e-62,"HMGCS1"
2.5317503781773e-62,0.465619554186917,0.081,0.057,7.37656173309467e-62,"BCL2"
6.55562482900614e-62,-0.733124764825603,0.022,0.039,1.9037360844498e-61,"PPARD"
1.14398849176135e-61,-0.468675103532378,0.031,0.05,3.31114820882742e-61,"SMAD4"
1.43305753321197e-61,-0.980619416115029,0.015,0.029,4.1341824231148e-61,"Negative06"
5.89331666023618e-61,-0.995627001711337,0.014,0.027,1.69457006918922e-60,"TLR1"
3.62575698280913e-60,-1.06580564317431,0.028,0.046,1.03914669082471e-59,"CXCL5"
4.11802534637596e-60,-0.597351473696291,0.024,0.04,1.17638704520251e-59,"NGFR"
5.52045576493972e-60,0.38031820574186,0.06,0.04,1.57189600839355e-59,"IFNL2/3"
1.3195208885759e-59,-0.625442806518598,0.028,0.046,3.74504795883839e-59,"IL6R"
1.68152002917225e-59,-1.03406085756888,0.02,0.036,4.75707440510988e-59,"FZD8"
2.50853421404664e-59,0.289794341662169,0.073,0.051,7.07390516308328e-59,"AZU1"
8.34810767457125e-59,-0.857963807782757,0.019,0.034,2.3465674457048e-58,"CD274"
1.56858466543614e-58,0.387604569445535,0.065,0.044,4.39504393478432e-58,"NANOG"
1.01335939817287e-57,-0.961522986316978,0.016,0.029,2.83030634457837e-57,"MECOM"
1.18637733536979e-57,-0.749936295562497,0.016,0.03,3.30302515275969e-57,"HTT"
2.24150612448244e-57,-0.146217453622686,0.101,0.133,6.22088883281994e-57,"ZBTB16"
5.96819593149035e-57,0.26175737620447,0.492,0.464,1.65113811732399e-56,"TPT1"
8.84082477345839e-57,-0.320955531827694,0.058,0.082,2.43817714664246e-56,"AXL"
1.83790290057786e-56,-0.458276213382062,0.035,0.054,5.05279261381436e-56,"DST"
2.88507713653556e-56,-0.956707811233742,0.016,0.029,7.90691452731778e-56,"CD3D"
4.49006996502394e-56,-0.134428856030019,0.332,0.377,1.22672628016386e-55,"MGP"
7.58376911497729e-56,-0.87782720692204,0.018,0.032,2.06551724032145e-55,"SYK"
1.72680094446936e-55,-0.424997185780431,0.045,0.066,4.68855860154684e-55,"ADGRE5"
1.74088448628102e-55,-0.82292655804194,0.018,0.032,4.71220893354461e-55,"CASP8"
2.23298142009145e-55,-0.47743401253491,0.049,0.07,6.02561447821601e-55,"FABP5"
2.46005265497173e-55,-1.04760453409053,0.018,0.032,6.61799441230126e-55,"CD40LG"
2.69167478239005e-55,0.386077946666578,0.092,0.068,7.21895652647117e-55,"CCL8"
4.32830400886148e-55,-0.700164867174385,0.03,0.048,1.15729348041815e-54,"TSHZ2"
1.19944802579161e-54,-0.764410020193065,0.027,0.044,3.1973128225509e-54,"ATG10"
1.38501106217517e-54,-0.187189026630801,0.054,0.077,3.68077182281098e-54,"CFLAR"
2.64658488036756e-54,-0.357343990439603,0.034,0.052,7.01225057426691e-54,"FGFR1"
3.59836172523552e-54,0.503831219193863,0.095,0.072,9.50531094286613e-54,"MXRA8"
3.80659166306153e-54,-0.13729605586277,0.117,0.15,1.00251678333482e-53,"COL15A1"
4.70313625456897e-54,-0.412242536150725,0.042,0.061,1.23492529798114e-53,"CYTOR"
7.43320278385228e-54,-0.5154666815914,0.029,0.046,1.94594592281745e-53,"IGFBP3"
7.70512951585991e-54,0.388024431352135,0.083,0.061,2.01113053137177e-53,"IL12RB1"
8.2146293306594e-54,-0.552411105507961,0.033,0.051,2.13775368634667e-53,"ITGA6"
1.06055805621536e-53,-0.957701283074634,0.015,0.028,2.75180300384872e-53,"CXCL13"
1.55906280679817e-53,0.783932906967947,0.151,0.127,4.03332767422417e-53,"COL1A2"
1.86063683576809e-53,0.438801795323363,0.127,0.101,4.79934854402533e-53,"IGF1"
1.88464525347724e-53,-0.175248679943993,0.105,0.078,4.84702019735936e-53,"NLRC4"
1.89328461193656e-53,-0.316228954427742,0.054,0.076,4.85500176803615e-53,"CXCR4"
2.97528233772955e-53,0.355759371728916,0.055,0.037,7.60735454865544e-53,"KRT4"
6.82177987899422e-53,0.33948357350672,0.101,0.077,1.73915725403428e-52,"G0S2"
7.5163613045624e-53,-0.325717570255712,0.039,0.058,1.91068083017427e-52,"MEG3"
9.95211742788266e-53,-1.03243361868665,0.014,0.027,2.52254537117141e-52,"CDH1"
1.48642373240063e-52,-0.313246871997264,0.052,0.074,3.75675392886268e-52,"AKT1"
2.11254749173142e-52,-0.799814388698576,0.022,0.036,5.32386250071395e-52,"HPGDS"
4.06743306934352e-52,-0.918218652677605,0.016,0.03,1.02210280854277e-51,"TLR3"
4.67279195314979e-52,-0.385357310754604,0.044,0.064,1.17086815511782e-51,"PXDN"
5.24769194639061e-52,0.383016938051537,0.05,0.033,1.31117545213235e-51,"CD70"
5.37510573781032e-52,-0.953174753555902,0.016,0.029,1.33919537842604e-51,"DUSP4"
7.69149922353796e-52,-0.926931302165598,0.013,0.025,1.91089088358153e-51,"ARG1"
9.38259168728375e-52,-0.987956901388719,0.015,0.027,2.32444432478753e-51,"MMP12"
1.73872624721181e-51,-0.956054951765573,0.017,0.031,4.29538850367538e-51,"MET"
3.30056617845134e-51,-0.879619055274424,0.034,0.052,8.13088915309502e-51,"PRSS2"
4.06054447397269e-51,-0.813747325010459,0.016,0.029,9.97506303550155e-51,"IL1R2"
4.43214598917342e-51,-0.769861770763118,0.021,0.035,1.0857519643869e-50,"BTK"
8.45981048820384e-51,-0.270741396769935,0.05,0.071,2.06664451202083e-50,"PDS5A"
8.85116444150808e-51,-0.986239663071259,0.018,0.031,2.15624200422294e-50,"CXCR5"
1.22143546511536e-50,-0.613995223180465,0.025,0.041,2.9673099803495e-50,"CD2"
4.88069612322604e-50,-0.317862623921048,0.037,0.056,1.18242279007438e-49,"IFNAR1"
6.62276572353437e-50,-0.727881807492012,0.025,0.041,1.60004560317897e-49,"EPOR"
9.46449218642365e-50,-0.884667776699263,0.025,0.04,2.28031858447625e-49,"MIR4435-2HG"
3.270027836621e-49,-0.388698577362229,0.055,0.077,7.85702578826471e-49,"HMGB2"
9.37817753535365e-49,-1.12718892384021,0.012,0.024,2.24717532746042e-48,"CRP"
1.32478513351684e-48,-0.991112990306967,0.02,0.034,3.16576719916694e-48,"GC"
2.22604712331876e-48,0.137995428102359,0.095,0.124,5.30500904116999e-48,"CXCL12"
3.46199297909477e-48,-0.527152052747591,0.03,0.046,8.2280971345965e-48,"MMP19"
4.77041996311081e-48,0.361067066207597,0.088,0.067,1.13071846152654e-47,"EGFR"
1.11428803394804e-47,0.364035563023768,0.057,0.039,2.63404475949442e-47,"IGHD"
1.7824562432348e-47,-0.44939159208137,0.031,0.048,4.20218850891646e-47,"HCST"
3.49799588443471e-47,-0.724213375170898,0.019,0.032,8.22451043069501e-47,"VEGFC"
4.3323060635607e-47,0.358390099337937,0.056,0.039,1.01589102078683e-46,"IL17B"
5.94355806541511e-47,-0.820868486666435,0.021,0.035,1.39000011289841e-46,"CDKN3"
8.9506798860712e-47,-1.0819554060827,0.021,0.034,2.08769847342671e-46,"VPREB3"
9.04764674439774e-47,-0.304685703860164,0.035,0.052,2.10471782356414e-46,"LDB2"
1.20325304906685e-46,-0.181118224333747,0.051,0.071,2.79167440220008e-46,"MAF"
1.21184475272282e-46,-0.886490799950358,0.023,0.037,2.80418957292325e-46,"ITK"
1.64226764440672e-46,-0.553909407778911,0.02,0.034,3.79018085301235e-46,"SREBF1"
2.5345062695478e-46,-0.490012197085186,0.03,0.045,5.83402099315858e-46,"FGF2"
2.55466406577224e-46,-0.105677115553964,0.185,0.219,5.86502718764987e-46,"CD74"
3.55739324696869e-46,-0.416788945792666,0.037,0.054,8.14578035924684e-46,"TAP1"
5.76543214530679e-46,-0.660591233687002,0.021,0.035,1.31674062276928e-45,"BEST1"
6.71582364927368e-46,-0.654634938536935,0.026,0.041,1.52981229621117e-45,"DUSP5"
3.54130980316515e-45,-0.209489594332076,0.032,0.048,8.04592926781305e-45,"ITM2A"
3.92369905614971e-45,-0.396430391848363,0.04,0.057,8.8916901091558e-45,"CD276"
4.01829583515443e-45,-0.476184164504291,0.027,0.042,9.08259135935678e-45,"TNFRSF10B"
4.33270259275093e-45,0.12138060180448,0.171,0.21,9.7680724263305e-45,"ZFP36"
4.82966126225554e-45,-0.692591581292799,0.016,0.027,1.08605459666618e-44,"IL2RA"
5.41952222376107e-45,-0.621162387695556,0.037,0.053,1.21558081591777e-44,"ISG15"
7.85203561579253e-45,-0.336849410549458,0.05,0.07,1.75669266200256e-44,"CXCL16"
1.31990152389136e-44,-0.535466631746457,0.023,0.037,2.94542910038861e-44,"ST6GAL1"
2.11827288714846e-44,0.282225705216794,0.062,0.045,4.71503888839899e-44,"NKG7"
2.68539606950075e-44,-1.06449998484003,0.013,0.024,5.96225912139786e-44,"CPB1"
3.67121123152059e-44,-0.466573344287537,0.028,0.042,8.13043497485747e-44,"NOSIP"
5.45383801192625e-44,-0.521009093457342,0.033,0.049,1.20478990842804e-43,"ATG12"
6.50591554100098e-44,-0.112054052666978,0.097,0.124,1.43358993202459e-43,"ITGB5"
1.19601312348316e-43,0.210693071413157,0.119,0.095,2.62883085036273e-43,"CCL3/L1/L3"
2.2384281655875e-43,-0.851940797905157,0.017,0.029,4.90775375305058e-43,"CD3E"
3.50786716000575e-43,-0.470705166235773,0.043,0.061,7.67181920031183e-43,"INSR"
4.68724057868343e-43,-0.906791016670358,0.018,0.03,1.0225646735088e-42,"CD8B"
6.52200869752017e-43,-0.70465840265015,0.017,0.029,1.41930561482015e-42,"DPP4"
7.20538872709541e-43,-0.591870507673567,0.027,0.041,1.56414007763927e-42,"HDAC1"
8.86199687506722e-43,-0.97465391777587,0.012,0.022,1.91900524924295e-42,"OLFM4"
1.06394149892983e-42,-0.293511530206835,0.059,0.079,2.29821845951099e-42,"CD34"
1.48159941406386e-42,0.291157744478141,0.058,0.042,3.19253731236856e-42,"CCR5"
1.83231209161881e-42,-0.851648911742314,0.015,0.026,3.93857280477868e-42,"MS4A1"
2.14938972255354e-42,-0.98418230098718,0.02,0.032,4.60883810924073e-42,"S100A8"
3.18457139252046e-42,-0.414448377768978,0.035,0.051,6.81187588107426e-42,"YES1"
3.22546191093491e-42,0.473204216635362,0.068,0.05,6.88255497783435e-42,"COL21A1"
4.60998198599776e-42,-0.825471789976956,0.019,0.031,9.81299563524281e-42,"IL12B"
5.24914721338989e-42,-0.530236520356414,0.032,0.048,1.11464942037359e-41,"BMPR1A"
8.51163022719627e-42,-0.605480790316755,0.045,0.062,1.80306756262105e-41,"CXCL1/2/3"
1.03423856626651e-41,-0.384955892661116,0.04,0.057,2.1856077653391e-41,"PLCG1"
2.49650206104639e-41,-0.879443948836913,0.013,0.024,5.26305843158096e-41,"KRT23"
4.16266161021501e-41,-0.845553705767078,0.023,0.036,8.75456650397737e-41,"Negative09"
5.26797610722964e-41,-0.735011825891926,0.023,0.036,1.10526675742593e-40,"TNFSF8"
6.15800436941504e-41,-0.441332695409068,0.037,0.053,1.28891881431432e-40,"PGF"
1.12608968281964e-40,-0.329593741841355,0.038,0.055,2.35138250436386e-40,"PTEN"
1.24170779614917e-40,-1.0187245699912,0.012,0.021,2.58664545658627e-40,"RAG1"
2.08659479363064e-40,-0.578534793258184,0.023,0.036,4.33635932230822e-40,"CD48"
2.79956171709025e-40,-0.683613083503219,0.042,0.058,5.80429225978287e-40,"ERBB2"
3.97064403336553e-40,-0.355237407356562,0.027,0.041,8.21286513505088e-40,"TAP2"
6.85578696400698e-40,-0.622459895434294,0.032,0.046,1.41471180410215e-39,"SLPI"
6.87329269634714e-40,-0.497564175773388,0.033,0.048,1.41499476401325e-39,"CD37"
1.60476314295357e-39,-0.769767728443069,0.019,0.03,3.29596551843157e-39,"IL1A"
2.21209105279699e-39,-0.955882600018514,0.013,0.023,4.53271928341813e-39,"NRG1"
3.23202314571744e-39,0.323105172971014,0.08,0.062,6.60718950767877e-39,"TNFSF12"
5.31514787721138e-39,-0.931671841187553,0.017,0.028,1.08404295077079e-38,"TTR"
8.39220903358563e-39,-0.560860155025153,0.027,0.04,1.70764903073192e-38,"DLL1"
1.47609606012823e-38,-0.94397048427742,0.011,0.021,2.99661167762143e-38,"CCL22"
1.48677212461513e-38,-0.80873978674677,0.02,0.031,3.01131444177244e-38,"FGF18"
1.58433180983719e-38,-0.518729409851476,0.027,0.04,3.20151842679082e-38,"NLRC5"
1.79079168415179e-38,-0.812747450284798,0.021,0.033,3.61040070574969e-38,"CXCL9"
2.19015746239285e-38,0.315156286875689,0.073,0.055,4.40543140944616e-38,"FGFR3"
2.72751157992597e-38,-0.898357151110576,0.013,0.022,5.47374749564091e-38,"SELL"
3.38929079633886e-38,-1.01917239882406,0.011,0.021,6.78631969951867e-38,"NLRP2"
3.6061644208183e-38,-0.673648670404405,0.017,0.028,7.20411434409488e-38,"IL2RG"
4.02066344432578e-38,-0.666521572124692,0.02,0.032,8.01391327425844e-38,"CNTFR"
7.62370909469792e-38,0.37032595548459,0.182,0.159,1.51609815783448e-37,"NUPR1"
7.92794348549759e-38,-0.830506761446314,0.016,0.027,1.57303313049353e-37,"EPHA4"
2.18608127078718e-37,-1.04966030227584,0.01,0.019,4.3277500552604e-37,"FGG"
2.45708035822806e-37,-0.504190017160429,0.034,0.048,4.85328710397749e-37,"CCR7"
2.52852744201055e-37,-0.239156874587027,0.053,0.071,4.98318779020956e-37,"INHBA"
2.63310834823517e-37,0.93718892808966,0.175,0.156,5.17765924081221e-37,"COL1A1"
3.46772581300753e-37,-0.824865974347561,0.012,0.021,6.80356943625862e-37,"CPA3"
7.45786445187217e-37,-0.963789465095137,0.014,0.024,1.45994355452944e-36,"IFNG"
8.16458599989358e-37,-0.801123555540385,0.019,0.03,1.59473094029102e-36,"COL4A5"
1.06448501071391e-36,-0.528304247982307,0.02,0.031,2.07456300976911e-36,"HAVCR2"
1.38678499273226e-36,-0.541584873439763,0.027,0.039,2.69669720316229e-36,"CST7"
1.50429696645558e-36,-1.06918633100267,0.009,0.017,2.91873548579987e-36,"RGS13"
1.62531150862461e-36,-0.161878148069318,0.052,0.07,3.14657437762425e-36,"HLA-DQA1"
1.69079420355963e-36,-0.64050825739249,0.025,0.037,3.26613770158985e-36,"CD38"
1.76851048932318e-36,0.336239960106961,0.06,0.044,3.40875538271743e-36,"FHIT"
2.61617297891222e-36,-0.872459846061985,0.015,0.025,5.03154320725003e-36,"CHEK1"
2.7467395227603e-36,0.241223461826527,0.061,0.045,5.27109532048312e-36,"CD8A"
3.44957546160814e-36,-0.942077538009031,0.015,0.025,6.60540978128896e-36,"LEP"
3.99258031594083e-36,-0.195839764336363,0.043,0.06,7.62852491738586e-36,"STAT5B"
4.98494220913364e-36,-0.438947809909863,0.028,0.042,9.50390069002218e-36,"TNFSF10"
7.85687017333753e-36,-0.733256126527908,0.016,0.026,1.49468007419024e-35,"BST1"
8.16882969510962e-36,-0.408591144305323,0.03,0.044,1.55066312610631e-35,"FES"
9.83876793327876e-36,0.255835098616384,0.062,0.046,1.86362839686511e-35,"DHRS2"
1.74256011784078e-35,-0.106806338811294,0.209,0.242,3.2935888434189e-35,"COL6A2"
2.14979461328502e-35,-0.641234880315881,0.025,0.037,4.05455887279776e-35,"ADGRG1"
2.32483169968615e-35,-0.191253047204976,0.038,0.053,4.37527339189861e-35,"LTBR"
2.83788420462756e-35,-0.742650307240894,0.014,0.024,5.32938853845475e-35,"CSF3R"
3.222056443457e-35,-0.242858399591864,0.243,0.272,6.03791346348674e-35,"BGN"
3.80305929819281e-35,-0.773086492198539,0.022,0.033,7.11147762156737e-35,"CLEC12A"
4.34199314295252e-35,-0.349426614187434,0.236,0.265,8.10197443908375e-35,"FN1"
5.3235661745499e-35,0.324703221612856,0.137,0.116,9.90640977352052e-35,"RAMP1"
5.33161392599964e-35,-0.830256770078987,0.022,0.033,9.90640977352052e-35,"IL27RA"
7.96565882269403e-35,-0.734744948200754,0.02,0.031,1.47693082188217e-34,"IL1RL1"
8.92082395471118e-35,-0.60877135847829,0.019,0.03,1.65054063465859e-34,"DDC"
1.0456739215534e-34,-0.81197733376923,0.026,0.038,1.9306442720049e-34,"ADGRL1"
1.65828532249242e-34,-0.950155179427824,0.02,0.031,3.05528619291146e-34,"TOP2A"
1.68495875695933e-34,0.231987043656884,0.057,0.042,3.09792207516422e-34,"FOXF1"
1.76227213878924e-34,-0.166316073064264,0.034,0.049,3.2332900956447e-34,"SPRY4"
2.18494202716801e-34,-0.905289453964159,0.015,0.025,4.00040533992975e-34,"FOXP3"
2.51362364187127e-34,-0.386443254439852,0.028,0.041,4.59259986233563e-34,"FKBP11"
3.00812431903651e-34,-0.336767482316491,0.047,0.063,5.48466741745326e-34,"ESAM"
3.89980234571305e-34,-0.253895721573398,0.037,0.052,7.09569845890113e-34,"DPT"
9.36332466124157e-34,-0.236074772981541,0.053,0.07,1.70013162068506e-33,"ALCAM"
1.09854330266323e-33,-0.550284684820807,0.034,0.048,1.99054230668524e-33,"FGR"
1.27463712549093e-33,-0.81151867494463,0.014,0.024,2.30485929702174e-33,"FASLG"
1.87496571200188e-33,-0.507310738282273,0.024,0.036,3.38342578071121e-33,"SNAI2"
3.05960503611209e-33,-0.435454872661153,0.032,0.045,5.50980208761869e-33,"G6PD"
3.51647184772344e-33,-0.289937883019433,0.024,0.036,6.31956108699479e-33,"FYB1"
7.13469077025738e-33,-0.106954159540031,0.05,0.067,1.27957542035086e-32,"MAPK14"
9.41420368404125e-33,0.581524219033887,0.022,0.014,1.68495033283759e-32,"MB"
1.002228494589e-32,-0.711922782613771,0.018,0.028,1.79013114002964e-32,"ITGB4"
1.19197775280677e-32,-0.116026395782443,0.079,0.099,2.12472457156816e-32,"PTGDS"
1.72189991572513e-32,-0.586776368029733,0.019,0.029,3.06309579328791e-32,"PDCD1LG2"
2.95523165157312e-32,-0.893686744153247,0.015,0.025,5.24643351908831e-32,"CXCR1"
3.17709283881245e-32,0.275484045031415,0.078,0.061,5.62890993866367e-32,"LINC01781"
3.37434043342767e-32,-0.640256239401139,0.019,0.03,5.96632370991142e-32,"EPHB4"
3.76242263319501e-32,-0.423532447479915,0.027,0.039,6.63912404288133e-32,"EFNA5"
4.35463188939462e-32,-0.763349980226459,0.014,0.024,7.66869913052024e-32,"WNT7A"
4.6887383271115e-32,-0.568532681881307,0.023,0.034,8.2405280819174e-32,"PSD3"
4.85121264761132e-32,-0.241430006918819,0.047,0.063,8.50902698391025e-32,"BMPR2"
6.90930652716267e-32,-0.65750037210833,0.027,0.039,1.20947341802828e-31,"CLCF1"
8.22432566203506e-32,-0.110067199509129,0.06,0.078,1.43679952302883e-31,"PDGFA"
1.21491870006711e-31,-0.404582960786558,0.05,0.066,2.11825785280091e-31,"IFI27"
1.68147424380544e-31,-0.787304003590504,0.017,0.027,2.92589863455827e-31,"OAS3"
2.14383408584954e-31,-0.227391950622209,0.395,0.402,3.72305444215851e-31,"NEAT1"
6.82604078017806e-31,-0.881348946802805,0.015,0.024,1.18309046723639e-30,"NUSAP1"
3.66378621616439e-30,-0.795229056017202,0.021,0.032,6.33755524965713e-30,"OSM"
5.80749351493647e-30,-0.852565736839574,0.017,0.027,1.00259287649592e-29,"ITGAE"
8.81650371818696e-30,-0.797140409097494,0.012,0.02,1.51907146578585e-29,"LCN2"
9.59424384746941e-30,-0.816040487719445,0.016,0.026,1.64983369690798e-29,"CELSR1"
1.06099952503247e-29,-0.658779300755735,0.022,0.032,1.82093264863695e-29,"CHEK2"
1.0829400790794e-29,-0.677903458833462,0.018,0.027,1.85495790889186e-29,"ADGRF1"
1.24539103306486e-29,0.270383132108413,0.081,0.065,2.12906030408943e-29,"CCL11"
3.03761545358238e-29,-0.822309401843957,0.019,0.029,5.18285749570379e-29,"CTSW"
3.05643345683884e-29,-0.715361428625722,0.017,0.026,5.20483910999546e-29,"IL12RB2"
4.54728820154188e-29,-0.398393117632262,0.032,0.045,7.7286274278144e-29,"SLA"
6.23459743016871e-29,0.214334773076787,0.047,0.034,1.05759031842514e-28,"UPK3A"
9.40351224758878e-29,-0.621769809157891,0.021,0.031,1.592061822613e-28,"INHBB"
1.98250759537154e-28,-0.12325985411411,0.055,0.071,3.35001765152377e-28,"STAT1"
6.83472294261932e-28,-0.261214804169762,0.088,0.106,1.15270231166868e-27,"C1QC"
1.12540311505575e-27,-0.219478719231487,0.035,0.047,1.89439257563127e-27,"STAT5A"
1.14938980157866e-27,-0.926854681485246,0.012,0.019,1.93106294249901e-27,"Negative03"
1.19115120595337e-27,-0.233066787575695,0.042,0.056,1.99739886734437e-27,"CD53"
1.21092260075002e-27,-0.523084917339766,0.021,0.031,2.02667771156063e-27,"HDAC11"
1.76062240773058e-27,0.230115344477052,0.063,0.049,2.9410778125328e-27,"BMP2"
3.37184771084777e-27,-0.663031021193084,0.013,0.021,5.62188297036786e-27,"TNFRSF11A"
5.21300963342492e-27,0.367146155403774,0.057,0.044,8.67516024385892e-27,"SIGIRR"
1.35505138772614e-26,-0.108396441431119,0.078,0.097,2.25071982393148e-26,"TSC22D1"
1.77606273442738e-26,-0.724679907171444,0.015,0.024,2.94443670716977e-26,"DMBT1"
2.42721095234593e-26,-0.748494232101061,0.016,0.025,4.01634717963657e-26,"WNT5B"
2.8857279549434e-26,0.325566308556675,0.082,0.067,4.76607046419089e-26,"LYN"
2.93269019422902e-26,-0.726819034019221,0.016,0.025,4.83452876003544e-26,"TLR5"
3.17680910980955e-26,-0.477592701815587,0.027,0.037,5.22713243771666e-26,"OAS2"
3.96113168522911e-26,-0.76460342926207,0.013,0.021,6.50545409727702e-26,"PIGR"
5.67639667247968e-26,-0.512410435851764,0.025,0.035,9.30504650797136e-26,"CD83"
5.80178693400198e-26,-0.478328766596602,0.025,0.036,9.4928491438801e-26,"CLEC7A"
1.53656213451044e-25,0.216237641481321,0.086,0.07,2.50943201483362e-25,"ACP5"
1.57410587629141e-25,-0.713938264560065,0.016,0.024,2.56596812919621e-25,"WNT11"
3.02137052285622e-25,-0.554025200130722,0.023,0.032,4.91603329971225e-25,"PDGFB"
3.24378774017781e-25,0.240352046235125,0.031,0.022,5.26815157062211e-25,"JCHAIN"
3.93666294872699e-25,0.223285757527548,0.06,0.047,6.38161442889754e-25,"IFI44L"
7.171628470349e-25,-0.467502787893297,0.021,0.03,1.16042770636459e-24,"FZD6"
8.2324405987415e-25,0.330275974787752,0.084,0.069,1.32962254237501e-24,"EFNB1"
1.92922273850921e-24,-0.176941402395238,0.227,0.253,3.11016239278048e-24,"C11orf96"
2.26838913911475e-24,0.208733881604073,0.116,0.098,3.65023353211676e-24,"APOC1"
3.63804631905536e-24,0.135577047273951,0.111,0.133,5.84352861137647e-24,"VCAN"
4.26890716056665e-24,0.485101726769587,0.104,0.089,6.84429904902551e-24,"NOTCH3"
4.35871702150373e-24,-0.810967130846798,0.019,0.028,6.97553800704155e-24,"APOA1"
4.37383985404339e-24,-0.692969495275341,0.014,0.022,6.98699007649554e-24,"IL12A"
4.87302221543023e-24,-0.52515906335846,0.026,0.037,7.7702554235133e-24,"FGF13"
1.06340928441651e-23,-0.508687402216976,0.021,0.03,1.69257702800958e-23,"LY75"
1.12203291669378e-23,-0.646475541385283,0.017,0.026,1.78265012308052e-23,"CCL13"
2.39697081168515e-23,-0.5964241038698,0.018,0.026,3.80134430713903e-23,"KLRK1"
2.45842477874577e-23,0.221860882430447,0.05,0.038,3.89176630137191e-23,"XCL1/2"
4.07601163235593e-23,-0.593986001296798,0.023,0.032,6.4408327956327e-23,"FZD7"
4.10680612677603e-23,-0.256670721868943,0.048,0.062,6.47782189421327e-23,"LAMA4"
5.84469880317603e-23,0.14800302849222,0.057,0.045,9.20251499171522e-23,"KDR"
1.19280360373411e-22,-0.560387265560711,0.021,0.03,1.87471104027745e-22,"Negative01"
1.65389573718733e-22,0.219217764655733,0.075,0.061,2.59475234617762e-22,"KRT18"
2.04777009979046e-22,-0.221927905840045,0.044,0.056,3.2069542455647e-22,"RB1"
2.12126168765263e-22,-0.670003387486388,0.022,0.031,3.3161256685764e-22,"FGF9"
2.73510665180514e-22,-0.675351475899289,0.017,0.024,4.26812906340411e-22,"NRXN1"
2.77266934245071e-22,-0.788871030757616,0.019,0.027,4.3190604144392e-22,"MMP1"
2.91694054926001e-22,0.216383689946118,0.051,0.039,4.53573911649119e-22,"WNT5A"
3.11911546440683e-22,-0.814030921874268,0.011,0.018,4.8415296677607e-22,"LTF"
3.27741551865263e-22,-0.100739555592617,0.065,0.08,5.07825690787695e-22,"RGS1"
3.45120742897629e-22,-0.538164015093427,0.018,0.027,5.33811096157355e-22,"ADGRG6"
4.35531842369215e-22,-0.623315836663343,0.014,0.021,6.72467298869369e-22,"BMP7"
5.01426421328136e-22,-0.136142195497161,0.052,0.065,7.7284880756551e-22,"HBB"
8.04525434728911e-22,-0.403300784156514,0.025,0.034,1.23784001097764e-21,"TNFSF13B"
8.8378224275771e-22,-0.828545991530658,0.015,0.023,1.3574028492093e-21,"KLRF1"
9.77157320837035e-22,-0.375784149187007,0.05,0.063,1.49819400415049e-21,"CCL5"
1.11106175233736e-21,-0.420561503853142,0.019,0.028,1.70052557905735e-21,"IL10RA"
1.16768460709513e-21,-0.175504751060747,0.037,0.049,1.78407561049203e-21,"IL10RB"
1.24231711850558e-21,-0.613903206371264,0.025,0.034,1.89480367465982e-21,"EPHB3"
2.03012676016274e-21,0.101870661770953,0.055,0.043,3.09100897337278e-21,"RARB"
2.07856419884554e-21,0.208538531045769,0.046,0.035,3.15927348767338e-21,"CTLA4"
2.88157236088525e-21,0.206522992605395,0.042,0.032,4.37221273442277e-21,"EPHA7"
3.17087778169403e-21,-0.298455338728742,0.084,0.1,4.80286669178871e-21,"C1QB"
3.54599226353543e-21,-0.252234270292744,0.036,0.047,5.36178485365616e-21,"ITGA3"
3.96264177340111e-21,-0.648175938443386,0.025,0.034,5.97617767574681e-21,"KIT"
3.97080811808101e-21,-0.161651025620399,0.106,0.125,5.97617767574681e-21,"PTGIS"
3.972761214322e-21,-0.638834880196561,0.018,0.026,5.97617767574681e-21,"NLRP3"
7.07702461690125e-21,0.189294603015524,0.039,0.029,1.0627655118189e-20,"FFAR4"
9.65706023517136e-21,-0.473343238346416,0.021,0.029,1.44773364551201e-20,"ICA1"
2.25675402400493e-20,-0.193113998838692,0.036,0.047,3.37742880384356e-20,"MS4A4A"
3.2964319886153e-20,-0.347735476543672,0.033,0.043,4.92499293699424e-20,"NR1H3"
5.28671073442521e-20,-0.532792457800136,0.018,0.025,7.8851110783859e-20,"STAT4"
6.57610435007433e-20,-0.239760868828952,0.377,0.407,9.79158491513614e-20,"GPX1"
6.72409259040599e-20,-0.124569187238588,0.051,0.064,9.99496474878992e-20,"MS4A6A"
7.4517118960111e-20,-0.263615711306155,0.043,0.054,1.10577856730994e-19,"ALOX5AP"
1.07353289997521e-19,0.454417286710244,0.209,0.198,1.59035194810517e-19,"TPM1"
1.08627420147751e-19,-0.910109875356386,0.012,0.019,1.60651344805358e-19,"IL22RA1"
1.11779782522934e-19,0.52555889925734,0.105,0.093,1.65035133455578e-19,"COL14A1"
1.15213229867758e-19,-0.673905574601645,0.021,0.03,1.69818491754662e-19,"CXCR6"
1.31782992730097e-19,0.143891572667858,0.065,0.053,1.93915578228683e-19,"MX1"
1.39146444267358e-19,-0.525186954096265,0.019,0.027,2.04407758161596e-19,"IL1RN"
1.45417805503306e-19,-0.35871664998916,0.024,0.032,2.13263236498995e-19,"PPARA"
2.0495876483861e-19,-0.546244927794527,0.02,0.028,3.00081530489918e-19,"CX3CR1"
2.10065482096159e-19,0.107496937526442,0.038,0.029,3.07045712997219e-19,"ERBB3"
5.65522210119958e-19,-0.237544310291725,0.029,0.039,8.25229581156744e-19,"ITGB8"
5.73966987884608e-19,-0.578998362213753,0.012,0.018,8.3616120992492e-19,"RSPO3"
8.23039820557843e-19,0.238874297437596,0.386,0.381,1.19702474731215e-18,"RPL21"
9.72720902947495e-19,-0.673169317436761,0.017,0.025,1.41237786735919e-18,"KRT5"
1.45087007827542e-18,-0.705928567050212,0.013,0.019,2.10316208040917e-18,"CIDEA"
2.04641519535313e-18,0.193555576639803,0.044,0.034,2.9615612645622e-18,"COL17A1"
2.18998436419389e-18,-0.358241650352691,0.02,0.027,3.16411249983202e-18,"GPR183"
2.30978583797443e-18,-0.727712210060924,0.016,0.023,3.33171411168351e-18,"Negative08"
3.07412793578725e-18,-0.390899748648029,0.032,0.042,4.42694614069856e-18,"DDX58"
3.13976146745446e-18,-0.513855314573199,0.026,0.034,4.51405050320912e-18,"DDR1"
4.16722273973568e-18,-0.305538736460636,0.038,0.048,5.98143100286119e-18,"AIF1"
5.78350174672382e-18,-0.611961894637806,0.022,0.03,8.28779580372025e-18,"BMP3"
6.38269013121114e-18,0.263629570117698,0.042,0.033,9.13151589734449e-18,"TNNC1"
6.87687101829358e-18,-0.297981626717586,0.029,0.038,9.82250143818154e-18,"KRAS"
1.15825669323195e-17,-0.208935703718571,0.047,0.058,1.65169287799092e-17,"CMKLR1"
1.25907532646668e-17,-0.483856340298861,0.019,0.026,1.79254717745338e-17,"ITGAL"
1.29140031068208e-17,-0.102883985224814,0.054,0.066,1.83558844808458e-17,"RBPJ"
1.39798977037666e-17,-0.724305870176876,0.016,0.023,1.98387868708791e-17,"TNFSF4"
1.79888699747369e-17,-0.635042204311353,0.014,0.02,2.54866542291507e-17,"MST1R"
2.52620481010791e-17,-0.417288311831151,0.026,0.035,3.57335744913651e-17,"ITGA2"
3.29449106980209e-17,-0.740416130988227,0.012,0.018,4.65260655107316e-17,"CD22"
3.79684230814455e-17,-0.522135984950695,0.024,0.032,5.35342556952214e-17,"B3GNT7"
4.39976785986171e-17,-0.755864033730178,0.012,0.018,6.19357369678768e-17,"INS"
1.19062005220989e-16,-0.67904789768464,0.031,0.04,1.67335542594243e-16,"CCL21"
1.33310333520804e-16,-0.321253829122322,0.044,0.055,1.87061059996392e-16,"KRT8"
1.37912469305261e-16,-0.628071380819852,0.016,0.022,1.93209641502738e-16,"IAPP"
1.45257097893778e-16,-0.415698542987949,0.034,0.044,2.02885405524709e-16,"EPHA2"
1.45281681493178e-16,0.11491617680329,0.046,0.036,2.02885405524709e-16,"CCR2"
2.31838385739132e-16,0.149710138028094,0.044,0.035,3.2324684307348e-16,"CD80"
2.64672947231872e-16,-0.353231500680946,0.029,0.038,3.68441547178335e-16,"ADGRE2"
3.08528947412982e-16,0.20383617358059,0.154,0.14,4.28811231190468e-16,"IGFBP5"
3.17281679546776e-16,-0.458749731083454,0.026,0.034,4.40278533168548e-16,"TYMS"
3.41251976761726e-16,-0.559733682568163,0.044,0.054,4.7279302309642e-16,"ANGPTL1"
3.80618420463333e-16,0.112250837036733,0.14,0.161,5.26502136823885e-16,"JUNB"
4.01892237457521e-16,-0.507903264855621,0.017,0.024,5.55054318504324e-16,"CELSR2"
5.14538747189946e-16,-0.620514202448642,0.013,0.019,7.0951333535469e-16,"TACSTD2"
6.54390947215136e-16,-0.796822556698802,0.009,0.014,9.00943266417071e-16,"TNFRSF10A"
1.09471068305557e-15,-0.60488170627322,0.012,0.017,1.504798227335e-15,"IL2RB"
1.13939422897045e-15,-0.621487840277503,0.012,0.018,1.56376954429904e-15,"MSMB"
1.33782461911209e-15,0.342575348606252,0.084,0.073,1.83323779837704e-15,"SMARCB1"
3.53187153154263e-15,0.280715703988092,0.092,0.081,4.83221736842884e-15,"IFNGR2"
3.99015971937575e-15,-0.184791317916861,0.041,0.051,5.45073220232482e-15,"PTK2"
7.10369670406598e-15,-0.78015045455408,0.017,0.023,9.68886782187537e-15,"Negative10"
7.77692413380636e-15,-0.264400690896651,0.039,0.049,1.05906249461928e-14,"CCND1"
8.26723615517534e-15,-0.601980180522373,0.014,0.02,1.12408776869593e-14,"IL2"
8.43466426981327e-15,-0.547585795111977,0.022,0.029,1.14507748678425e-14,"CASR"
9.25416880625766e-15,0.246088575109634,0.033,0.026,1.25439042397032e-14,"FZD5"
1.00116610324776e-14,-0.553303854609937,0.026,0.033,1.35497326010537e-14,"PRF1"
1.26852374923679e-14,-0.104262065107828,0.029,0.037,1.71416845621057e-14,"PDGFD"
1.34926220262942e-14,-0.426399690625406,0.023,0.03,1.8204660795477e-14,"HDAC5"
1.5893234772732e-14,0.206818005397857,0.082,0.071,2.14107018366912e-14,"COL16A1"
1.59331500074945e-14,-0.450454839461703,0.024,0.031,2.14315530008784e-14,"KRT15"
1.72338730704736e-14,0.112747135911747,0.049,0.04,2.31456457623359e-14,"CXCL17"
1.79120805002585e-14,0.14360924847039,0.051,0.042,2.40197165118146e-14,"ROR1"
2.26153147374028e-14,-0.212446810844117,0.043,0.034,3.02803527094691e-14,"PROX1"
2.52295980535192e-14,-0.274781924045727,0.03,0.038,3.37292034953298e-14,"JAK2"
2.55199710034328e-14,-0.536478812257709,0.029,0.036,3.40654711872307e-14,"S100B"
2.75890245369315e-14,-0.473907381452378,0.03,0.038,3.67713898463357e-14,"GPER1"
4.66808624066678e-14,0.105017609384091,0.04,0.032,6.21230900313318e-14,"GPBAR1"
8.30062719071041e-14,0.134450002386926,0.056,0.046,1.10297727973531e-13,"EPHB2"
1.13483534615426e-13,0.128247028237912,0.035,0.028,1.50567412795354e-13,"ADGRF3"
1.25143007168047e-13,-0.529282586449773,0.024,0.031,1.65786128831385e-13,"GCG"
2.80558553478791e-13,-0.214289885876185,0.099,0.112,3.71115914631825e-13,"PECAM1"
4.57279437185688e-13,-0.554812263813409,0.019,0.024,6.03966967487723e-13,"LGR5"
6.21479190142519e-13,-0.570254837020216,0.014,0.019,8.19604886849608e-13,"ITGB6"
7.08669523155097e-13,-0.101564269344554,0.117,0.131,9.33187945656186e-13,"CD14"
7.51589724156658e-13,0.327870127980058,0.133,0.122,9.88222171042562e-13,"COTL1"
9.15567939952325e-13,-0.4805888836711,0.018,0.024,1.20202557385957e-12,"TLR7"
9.62953447315028e-13,-0.421850700312514,0.021,0.027,1.26234704528442e-12,"CD86"
1.72347248210685e-12,0.512109007184152,0.049,0.041,2.25594830866822e-12,"IGHA1"
1.88557460246873e-12,0.173742354310267,0.06,0.051,2.46445443571547e-12,"RAC2"
2.3916555463278e-12,-0.364835524939433,0.019,0.024,3.12125284840696e-12,"CTSG"
2.57564836696071e-12,0.166624729898609,0.36,0.359,3.35637981846143e-12,"TUBB"
2.65187101255859e-12,0.159786824713159,0.031,0.024,3.45057993770606e-12,"IL20RA"
3.24957509582734e-12,0.199813531696978,0.059,0.05,4.22204053191196e-12,"TNFAIP6"
3.26459035694142e-12,-0.246065283111172,0.032,0.039,4.23527476780714e-12,"IGF1R"
3.43563162804234e-12,-0.52894737998789,0.02,0.026,4.45058927295883e-12,"GZMH"
3.50308599752364e-12,-0.326196424570455,0.028,0.035,4.53127790535137e-12,"TNFRSF21"
4.45081987559929e-12,-0.103473754337257,0.039,0.047,5.74870254919084e-12,"SLC2A1"
6.93640659776807e-12,-0.518871055539844,0.02,0.026,8.94592439153324e-12,"LAG3"
8.92435673774607e-12,0.115437729309536,0.041,0.033,1.14928940660841e-11,"IL3RA"
1.02543802235414e-11,-0.355128993569677,0.02,0.026,1.31863511085716e-11,"TFEB"
1.05275589339118e-11,-0.118342625567679,0.076,0.087,1.35126748562022e-11,"VEGFB"
1.05389619174941e-11,-0.430328381651931,0.02,0.026,1.35126748562022e-11,"FCGBP"
1.10058709837332e-11,0.180821987546714,0.044,0.037,1.40907282521665e-11,"LIF"
1.4626249727389e-11,-0.478899569146915,0.02,0.026,1.86985729022159e-11,"CAMP"
1.48923735215092e-11,-0.290738306763485,0.028,0.034,1.90110794444884e-11,"SRC"
1.65211118383952e-11,-0.451457395738541,0.021,0.027,2.10596149451636e-11,"CD5L"
2.00888041941132e-11,0.293215854008605,0.06,0.052,2.55702195620279e-11,"ENTPD1"
2.77980594074986e-11,-0.532040638343099,0.024,0.03,3.53317363773569e-11,"PNOC"
3.60773746373888e-11,0.21397594272837,0.07,0.061,4.57885058711867e-11,"DUSP2"
3.6358762691605e-11,0.325522511280165,0.121,0.138,4.60789521395052e-11,"COL3A1"
4.27520132362327e-11,-0.27809522528228,0.036,0.043,5.41031971257952e-11,"PTPRC"
6.79327194094859e-11,-0.764917609854782,0.039,0.046,8.58458140088172e-11,"CCL18"
6.90912854448633e-11,0.232300132821429,0.034,0.027,8.71842551584822e-11,"S100A2"
7.48998163742416e-11,0.266171942888458,0.046,0.039,9.43780732186924e-11,"IL11RA"
8.19926394165872e-11,-0.487403202590881,0.023,0.029,1.03167209136796e-10,"FFAR2"
9.47390295096706e-11,0.146581781809423,0.061,0.053,1.19034568595961e-10,"HEY1"
9.49808652663384e-11,0.247084306281556,0.043,0.036,1.19167695048038e-10,"VWA1"
9.51959315541598e-11,-0.659114878072356,0.013,0.017,1.19266902818569e-10,"PTGDR2"
1.96172989809655e-10,-0.484278994048223,0.02,0.026,2.4542612277185e-10,"CSF3"
1.97482079602328e-10,0.203143918413731,0.046,0.039,2.46711942751056e-10,"TPSAB1/B2"
2.02109125806823e-10,-0.375428276326724,0.042,0.049,2.52133290658014e-10,"ICAM2"
2.21820644365123e-10,-0.398556458463012,0.023,0.029,2.76330547028711e-10,"PGR"
2.49049350292178e-10,0.119748975629463,0.036,0.03,3.09810326533674e-10,"TNFRSF18"
2.95874878542919e-10,-0.423278745195728,0.029,0.036,3.6753862391238e-10,"ACE"
3.94359757721296e-10,-0.157553677007077,0.033,0.039,4.89184593382712e-10,"CIITA"
4.14548697387025e-10,0.151368164563035,0.107,0.122,5.13501705661612e-10,"ITGAV"
4.25429601249345e-10,-0.492452016666777,0.023,0.029,5.26236615367667e-10,"KRT19"
5.45243428107883e-10,-0.391692622713297,0.025,0.031,6.73490825986779e-10,"NRXN3"
6.10670398413454e-10,0.143111616478897,0.091,0.104,7.53246046988184e-10,"H4C3"
8.70934923726375e-10,0.127476107115077,0.045,0.039,1.07276675296072e-09,"ACACB"
9.45580123992044e-10,-0.218864847257232,0.045,0.053,1.16307681450354e-09,"CD4"
9.64054579449043e-10,-0.341085295917859,0.028,0.034,1.18413986859497e-09,"RYR2"
1.3753114149437e-09,0.363944685061448,0.206,0.202,1.68692043483305e-09,"CALM2"
1.72568963214555e-09,-0.298399121211394,0.027,0.033,2.11372878127325e-09,"ANKRD1"
2.24343973637231e-09,-0.180081759937085,0.638,0.558,2.74406785048608e-09,"MALAT1"
2.90565777022793e-09,-0.356998376206297,0.03,0.037,3.54911123188008e-09,"PTGES2"
2.98730727386393e-09,-0.424086732707679,0.022,0.027,3.64376700859342e-09,"EPCAM"
3.49681171442717e-09,0.362481947626975,0.081,0.073,4.25931093548976e-09,"COL5A1"
4.13081081305833e-09,-0.472582603041518,0.023,0.028,5.02457847857441e-09,"HCAR2/3"
6.44080018068365e-09,0.193865628663231,0.023,0.018,7.82352044107972e-09,"KRT13"
6.71586608710477e-09,-0.340307767402525,0.04,0.046,8.14635485254617e-09,"RARRES1"
6.74473440867714e-09,0.238252371674583,0.11,0.101,8.17007192874289e-09,"RPS4Y1"
7.66134061786569e-09,-0.600844117518913,0.027,0.032,9.26758030602511e-09,"KRT10"
8.99041580078975e-09,-0.236550234957049,0.026,0.031,1.08603232194113e-08,"HCK"
1.68953217289158e-08,0.172832946220154,0.16,0.178,2.03812890732588e-08,"CALD1"
1.72952732357101e-08,-0.527790683339098,0.022,0.027,2.08351025106013e-08,"WNT9A"
1.98476087785587e-08,-0.127810121836138,0.037,0.044,2.38770272960165e-08,"DDIT3"
2.53090048924652e-08,0.212405956575219,0.055,0.063,3.04054757406739e-08,"FABP4"
2.56050110427776e-08,-0.355567506178363,0.031,0.037,3.07190077763556e-08,"CCL20"
2.87753166706603e-08,-0.463003261267892,0.018,0.023,3.44753452461326e-08,"SOX2"
4.76225918637168e-08,-0.16110147070929,0.041,0.048,5.69781897196176e-08,"CD28"
5.38661669784154e-08,0.12257213883316,0.069,0.079,6.4360529209905e-08,"TGFBR1"
5.44032952303504e-08,-0.597331052802031,0.014,0.017,6.49138638326766e-08,"KRT80"
6.1036113569542e-08,-0.587400951676492,0.025,0.03,7.27291733702287e-08,"FGFR2"
7.71632290442468e-08,-0.620689403593725,0.026,0.031,9.18211015899654e-08,"LEFTY1"
8.63404323230553e-08,-0.388586793904652,0.024,0.029,1.02602383668455e-07,"CXCR3"
9.75191098205706e-08,-0.369208857394444,0.039,0.045,1.15729714902085e-07,"CD300A"
1.280262229602e-07,-0.1551279046812,0.05,0.057,1.51728375048777e-07,"ATM"
1.63176611312507e-07,-0.252290892467631,0.028,0.034,1.93125355089161e-07,"IFIH1"
1.76353723678927e-07,0.275450582442456,0.135,0.128,2.08439643755282e-07,"NR2F2"
1.77706814788068e-07,-0.248323983202336,0.032,0.037,2.0975622687636e-07,"CX3CL1"
1.82366438502683e-07,-0.335707165055844,0.041,0.047,2.14966890546846e-07,"IDO1"
2.00192802148654e-07,-0.183567111100628,0.038,0.044,2.35663204677006e-07,"FAS"
2.25069650268423e-07,0.14109420552474,0.044,0.039,2.64592604940223e-07,"CSF2RB"
3.41329937702457e-07,-0.45784517078447,0.015,0.019,4.00731399417744e-07,"CLEC4E"
3.5086269981931e-07,-0.156377640388433,0.062,0.055,4.11372443504725e-07,"SAA1/2"
4.34140117458665e-07,0.233995603098769,0.278,0.28,5.08332287064418e-07,"HMGN2"
5.82574219559523e-07,-0.326325305518645,0.03,0.035,6.81223454071602e-07,"GATA3"
7.1679596971809e-07,0.266487746933613,0.048,0.043,8.37057344131511e-07,"PCNA"
9.39435791588548e-07,-0.478044055442385,0.024,0.029,1.09559200694569e-06,"QRFPR"
1.09522600974145e-06,-0.643116139984805,0.032,0.037,1.27558195291268e-06,"ADM2"
1.1171652427016e-06,0.299158796591921,0.137,0.131,1.29940837911048e-06,"COL18A1"
1.37587448103445e-06,-0.606937235789977,0.019,0.023,1.59820121836717e-06,"MZB1"
1.4505145076384e-06,-0.413815460192525,0.022,0.026,1.68267357565988e-06,"CCL28"
1.8214939406907e-06,-0.19329772432414,0.03,0.035,2.11023802640124e-06,"SELPLG"
1.88613350408067e-06,-0.274143562905998,0.036,0.042,2.18224153440468e-06,"PTGES"
2.52469059607729e-06,-0.412270576616449,0.027,0.031,2.91719848848457e-06,"ICAM3"
2.52895012550042e-06,-0.118385797971081,0.03,0.035,2.9182753421893e-06,"TTN"
3.19016836965632e-06,-0.273800583043703,0.029,0.034,3.67644896214007e-06,"DLL4"
4.83675393672592e-06,-0.332665543689479,0.021,0.025,5.56671023951264e-06,"IFNA1/13"
1.08758431382804e-05,-0.351508266465228,0.029,0.033,1.250080528476e-05,"COL11A1"
1.95245556927094e-05,-0.306330220346289,0.032,0.037,2.24123499247463e-05,"GDF15"
1.95618591044501e-05,0.130151998501568,0.261,0.286,2.24258175615722e-05,"CD81"
2.51193810564107e-05,-0.613635659161039,0.021,0.025,2.8759395804794e-05,"TCL1A"
2.52244659409969e-05,-0.176975615925353,0.046,0.041,2.8842055580514e-05,"KLK3"
3.31520808315277e-05,-0.290567248696299,0.024,0.028,3.78572589703774e-05,"CSHL1"
4.71486885796829e-05,0.677380608633249,0.081,0.077,5.37703509549829e-05,"SELENOP"
4.79545244264046e-05,-0.364136122775114,0.023,0.026,5.46183349635803e-05,"CXCL10"
5.87430931498459e-05,0.110877934626055,0.04,0.036,6.6819316073171e-05,"IL34"
7.30341976021149e-05,-0.543172520473781,0.022,0.026,8.29676053070658e-05,"TNFRSF4"
8.45049227189184e-05,-0.318565424166089,0.03,0.033,9.5874278427544e-05,"ADGRG3"
9.92598589550436e-05,-0.250166617647526,0.036,0.04,0.00011246885827335,"CUZD1"
0.000108549286679903,0.296129321217032,0.067,0.063,0.000122835773442935,"TNFRSF14"
0.000125626154509577,0.145132204572038,0.113,0.108,0.000141976981320746,"BST2"
0.000185282786359006,-0.349734617102603,0.025,0.029,0.000209128704809329,"Negative07"
0.00031787668601146,-0.119010420455985,0.037,0.041,0.000358326290015488,"RAMP2"
0.000394870937050505,0.183761710765759,0.114,0.109,0.00044454661334184,"MMP2"
0.000537277395812811,-0.177644420846495,0.024,0.021,0.000604092661702353,"MYH6"
0.000615556083527943,-0.311829208571061,0.02,0.023,0.000691219827469918,"PDCD1"
0.000619364098179462,0.171971231989582,0.073,0.08,0.000694606539774154,"ITGA1"
0.00066931153174615,0.105705607660117,0.1,0.107,0.000749663107715676,"TNXA/B"
0.000781122656987639,-0.113897662134242,0.033,0.036,0.000873781339512959,"RBM47"
0.000910193681698926,-0.382132224487302,0.037,0.041,0.00101686606222925,"IL10"
0.000932374665794658,0.277549708041315,0.115,0.112,0.00104032135102025,"PDGFRB"
0.00116523934596454,0.245053685612343,0.088,0.084,0.00129849416316506,"AHI1"
0.00159596579248051,0.166731995230085,0.084,0.08,0.0017762208121896,"PLAC9"
0.00169229959785941,-0.367109371688306,0.026,0.029,0.00188104784198061,"FCRLA"
0.00174959009062698,0.183127957525035,0.287,0.31,0.00194226646769603,"RPL32"
0.0018223949570574,-0.208092484525245,0.043,0.047,0.00202053145049221,"CD3G"
0.00208345371015379,0.137432107485155,0.063,0.068,0.00230705669672333,"CYSTM1"
0.0024229805288819,-0.199706565698714,0.034,0.031,0.00267963924820861,"ESR1"
0.00243198015684293,0.254250865178588,0.099,0.096,0.00268620478281014,"GAS6"
0.00295174958298277,-0.132355954528676,0.031,0.028,0.00325620677267408,"MYL7"
0.00384974130287173,-0.428295368882779,0.03,0.033,0.00424148633494788,"IL24"
0.0046380196356408,-0.229660289979652,0.049,0.053,0.00510356740333373,"PLAC8"
0.00475443035876204,-0.249704597044662,0.03,0.033,0.00522510704841392,"ADGRA3"
0.00497156066029263,0.11467453314322,0.15,0.161,0.00545689449196075,"HSPG2"
0.00516323298750027,-0.183179822162276,0.035,0.038,0.00566019416254717,"IFIT3"
0.00544416500238114,-0.385498034909925,0.027,0.029,0.00596071499012267,"GZMB"
0.00563169389857005,-0.39416231120576,0.034,0.036,0.00615834856489518,"IL11"
0.00614500860338817,-0.359721979654233,0.032,0.034,0.00671129831279131,"SCG5"
0.00741413738569541,-0.312859135826558,0.234,0.226,0.00807845199561151,"MZT2A/B"
0.00741522674625686,0.17393923759954,0.068,0.065,0.00807845199561151,"EZR"
0.00924526297839817,-0.127836201118444,0.025,0.023,0.0100596720000685,"AGR2"
0.00948940956979005,-0.290935574946715,0.032,0.035,0.0103125305981485,"EZH2"
0.00988160804425303,0.229432021605485,0.206,0.208,0.0107254582361509,"SH3BGRL3"
0.0102270416462329,0.394861171219909,0.208,0.213,0.0110866693742228,"MYL12A"
0.0117436721725371,-0.256131379576505,0.024,0.026,0.0127150623398951,"IL17A"
0.0182606899557016,-0.370227309327449,0.019,0.02,0.0197467633676329,"SST"
0.0200872582072922,-0.356208033592771,0.029,0.032,0.0216952283839844,"IL17RB"
0.0284738672176575,-0.232561267471874,0.025,0.027,0.0307153524598839,"TLR8"
0.0367922158327071,0.123187868757578,0.116,0.113,0.0396397706207422,"CSF1R"
0.0421707493421162,-0.202570216530319,0.031,0.033,0.0453788308871606,"ICOS"
0.0451007363506845,-0.298988366188893,0.021,0.023,0.0484722374749391,"HSD17B2"
0.0469431044579753,0.128370381022371,0.192,0.192,0.0503905784695769,"CRYAB"
0.051623246494156,0.314902783002867,0.093,0.092,0.0553466835884778,"FOS"
0.0526762347959615,-0.10803558283409,0.041,0.043,0.0564066641221712,"BMP4"
0.0572025497343732,-0.12043354302841,0.045,0.043,0.061178824532982,"IL20"
0.059706694197417,-0.1470985588224,0.026,0.028,0.0637792579916379,"RARG"
0.063257636680996,-0.184553975705117,0.033,0.031,0.0674902036122062,"ADGRG5"
0.0644719010723797,-0.175117531517743,0.03,0.032,0.0687021351646136,"ST6GALNAC3"
0.0697870921284346,-0.133917443892359,0.051,0.054,0.0742758249959189,"PDGFC"
0.0950772740355935,-0.103971248500852,0.051,0.053,0.101070023429352,"HDAC3"
0.0961642356511747,-0.221036247653696,0.039,0.041,0.102101736883874,"AQP3"
0.0969583079182949,-0.291946466112856,0.021,0.023,0.102820357973814,"IL7"
0.100509495732897,-0.250758639990794,0.027,0.029,0.106457521446559,"ADIPOQ"
0.102273850563657,-0.118677311107956,0.041,0.039,0.108195617544424,"ETV4"
0.150436229719578,-0.351326720485044,0.032,0.034,0.158954907788036,"IL36G"
0.157675935572447,-0.225142530570525,0.026,0.028,0.166404086037348,"MKI67"
0.167778901549809,-0.249284908650928,0.042,0.041,0.176712389139982,"PTK6"
0.167846545215057,-0.341166168724677,0.035,0.037,0.176712389139982,"RUNX3"
0.172704713325535,-0.159216659736892,0.032,0.031,0.181609152981408,"LAMP3"
0.188507723865359,-0.168873264644082,0.028,0.027,0.19798954949691,"WNT10B"
0.225843326786706,0.456696890517954,0.224,0.231,0.236919375109978,"GSN"
0.233571191002878,0.245713818058387,0.056,0.055,0.244733494037663,"CDH11"
0.247576811045142,-0.356154182776911,0.035,0.036,0.259098882203567,"MYL4"
0.252801141567354,-0.116404681002058,0.024,0.025,0.264251014486972,"CEACAM6"
0.255921334561077,-0.180153705372892,0.027,0.026,0.267194060011982,"SPINK1"
0.258540924224944,-0.306858496751562,0.136,0.137,0.269608074370126,"KRT16"
0.26685579897105,-0.317146221292265,0.021,0.022,0.277948379688374,"SERPINB5"
0.270809449676951,0.150925365034589,0.06,0.062,0.28173177623569,"TNFRSF1B"
0.294792006880715,-0.186129596835174,0.021,0.02,0.306318234637899,"TNFRSF13B"
0.346328752331394,0.123404439179024,0.091,0.091,0.359444160703707,"MARCKSL1"
0.381476323044324,0.160810553927059,0.05,0.05,0.395454769869826,"SMAD3"
0.409776604067697,0.105762804999917,0.06,0.06,0.424290533373518,"TWIST1"
0.446704122975144,-0.204555327211149,0.028,0.028,0.461980561142926,"GNLY"
0.474096961775989,-0.231342997581691,0.033,0.033,0.489732668406999,"CCL4/L1/L2"
0.483227647923146,0.176621922654801,0.137,0.139,0.498577232033646,"CAV1"
0.489788857753413,0.499593380302447,0.074,0.074,0.504531634773034,"ACTG2"
0.490149319072548,-0.155449025166046,0.024,0.025,0.504531634773034,"FGF12"
0.499205474877111,-0.226721691159877,0.024,0.025,0.513251115436373,"NELL2"
0.509330117748742,-0.201281539313315,0.031,0.032,0.523047439421132,"OLR1"
0.522507653167838,0.21516681434338,0.059,0.06,0.535952294535899,"COL8A1"
0.538905566941974,-0.204028324203568,0.021,0.022,0.552126381084242,"TNF"
0.541583311713038,0.267478407316973,0.113,0.115,0.554222362161417,"CD9"
0.554711888337355,-0.118359533638997,0.042,0.042,0.566995718032472,"PTGS2"
0.557047535720442,0.21083358492512,0.117,0.118,0.568720243104573,"RGS5"
0.627126109667483,-0.189680555753771,0.043,0.043,0.639522788579515,"POU5F1"
0.634047167456408,0.32097170463285,0.107,0.108,0.645829693216342,"LUM"
0.657639353078604,-0.252859733572006,0.023,0.023,0.669083193329392,"KRT20"
0.714009051859182,-0.241371121048657,0.024,0.024,0.725592049224221,"RNF43"
0.719156879902918,-0.20550289129365,0.02,0.02,0.729977527401457,"TNFRSF9"
0.721142697380988,-0.162680530374782,0.033,0.034,0.731146989136562,"CXCL8"
0.738391042336938,-0.13360750553746,0.031,0.03,0.747770143336599,"IL1B"
0.741056969986924,-0.196149563688258,0.024,0.024,0.749604339882967,"COX4I2"
0.767963911186143,-0.176105658380571,0.024,0.025,0.775514054038096,"CCRL2"
0.768439809531478,-0.191147020202338,0.027,0.027,0.775514054038096,"CSF2"
0.841355614214532,-0.299425929526731,0.024,0.025,0.848125142144993,"WIF1"
0.885513962142528,-0.18278922400749,0.028,0.027,0.891613943512052,"KLRB1"
0.887474031028281,-0.240860131482655,0.035,0.035,0.892562758270416,"FZD3"
0.916673796762056,-0.221759248276892,0.022,0.022,0.920873905796476,"NCR1"
0.922625085172329,-0.200523444798748,0.03,0.03,0.925791990499008,"GZMA"
0.937437241318507,-0.296188646024519,0.026,0.026,0.939579955012949,"IFIT1"
0.951182306353143,-0.187320931273969,0.036,0.036,0.952268130903775,"ADGRV1"
0.987281713383871,-0.10032615181177,0.088,0.088,0.987281713383871,"BIRC3"
