gene,avg_log2FC,p_val,p_val_adj,significance
CD209,1.2825676350068491,0,0,Higher in PLWH
DUSP1,1.6023594942943662,0,0,Higher in PLWH
COL9A3,0.7288633467435313,0,0,"Significant, modest FC"
DUSP6,1.2406418932970595,0,0,Higher in PLWH
AR,0.7980669155483602,0,0,"Significant, modest FC"
SOX4,1.5997097520549435,0,0,Higher in PLWH
WNT7B,0.6974348379048392,0,0,"Significant, modest FC"
HSPA1A/B,-1.3771406242740492,0,0,Higher in PWoH
TIMP1,-1.4573022110787397,0,0,Higher in PWoH
MT2A,-1.7042839511323677,0,0,Higher in PWoH
SMO,0.9260007844671225,0,0,"Significant, modest FC"
GADD45B,-1.6513565559445982,0,0,Higher in PWoH
IFITM3,-1.0659589377104428,0,0,Higher in PWoH
HSP90AA1,-1.371732489996428,0,0,Higher in PWoH
SERPINA1,0.6731899609913565,0,0,"Significant, modest FC"
IFI6,0.6340052091578965,0,0,"Significant, modest FC"
ENO1,-1.2462644766949742,0,0,Higher in PWoH
MT1X,-1.7856770098545467,0,0,Higher in PWoH
LTB,0.40234646031980237,0,0,"Significant, modest FC"
IGHG2,1.6313687948730777,0,0,Higher in PLWH
HSP90AB1,-0.7395227460715539,0,0,"Significant, modest FC"
OASL,1.054365029541005,0,0,Higher in PLWH
LDHA,-0.8808154900925982,0,0,"Significant, modest FC"
VHL,0.9641155383547755,0,0,"Significant, modest FC"
KRT17,0.7590756173909874,0,0,"Significant, modest FC"
KLF2,0.8653165590704166,0,0,"Significant, modest FC"
CD63,-0.6486216929429327,0,0,"Significant, modest FC"
P2RX5,1.1244616200308384,0,0,Higher in PLWH
PFN1,-0.5788971147398918,0,0,"Significant, modest FC"
SOD2,-1.10479384292793,0,0,Higher in PWoH
TYK2,1.0895366161186235,0,0,Higher in PLWH
KRT86,1.0698462866371319,0,0,Higher in PLWH
CD59,-1.190333406121637,0,0,Higher in PWoH
YBX3,-0.6219652020156952,0,0,"Significant, modest FC"
MHC I,-0.6416634278186484,0,0,"Significant, modest FC"
S100P,0.921822448942105,0,0,"Significant, modest FC"
SNAI1,0.7070143336196679,0,0,"Significant, modest FC"
ANXA2,-0.47229085451463515,0,0,"Significant, modest FC"
HIF1A,-0.9777025013439733,0,0,"Significant, modest FC"
PGK1,-0.9786788325277258,0,0,"Significant, modest FC"
MIF,-0.8947899748633916,0,0,"Significant, modest FC"
THBS2,-0.9848922282288459,0,0,"Significant, modest FC"
CD68,-1.1678132166519704,0,0,Higher in PWoH
ADIRF,0.7007246495354789,0,0,"Significant, modest FC"
SAT1,-0.5461191572191164,0,0,"Significant, modest FC"
TM4SF1,-1.0155382258301424,0,0,Higher in PWoH
OSMR,-0.932343123626302,0,0,"Significant, modest FC"
GLUL,-0.6825563523399767,0,0,"Significant, modest FC"
ENG,-0.912967703451836,0,0,"Significant, modest FC"
CCL2,-1.1576595608491984,0,0,Higher in PWoH
THBS1,-1.014733947169701,0,0,Higher in PWoH
STAT3,-0.5814452873455824,0,0,"Significant, modest FC"
ATP5F1B,-0.8456206268321829,0,0,"Significant, modest FC"
IL17D,0.8080646398492801,0,0,"Significant, modest FC"
LINC02446,0.9797583072311555,0,0,"Significant, modest FC"
LINC01857,0.8255333061156289,0,0,"Significant, modest FC"
ITGA5,-1.0562450221366728,0,0,Higher in PWoH
TNNT2,0.8475760132833816,0,0,"Significant, modest FC"
SERPINA3,-1.3157942637838773,0,0,Higher in PWoH
LYVE1,-1.3102622340622307,0,0,Higher in PWoH
HSP90B1,-0.762187200106982,1.2835299105011053e-307,1.845337264769622e-306,"Significant, modest FC"
MYC,-1.3403448620251042,2.222651482117514e-305,3.143976370672677e-304,Higher in PWoH
CD44,-0.5141920285715873,8.357212467406959e-303,1.1633770371295085e-301,"Significant, modest FC"
UBA52,-0.2935159377186425,5.497864854803148e-284,7.533792933847438e-283,"Significant, modest FC"
S100A9,-1.906496918593599,2.6408590275924548e-282,3.563128257228589e-281,Higher in PWoH
ACTA2,1.0818935673899794,7.330008732210577e-282,9.74002675477072e-281,Higher in PLWH
COL4A2,-0.6916280542349851,1.8852856468177707e-275,2.4677544959092315e-274,"Significant, modest FC"
APOD,-0.6290051028084109,8.962897707203512e-257,1.1559501895908058e-255,"Significant, modest FC"
TPI1,-0.44290580736810004,1.6213949378009617e-254,2.060816464422382e-253,"Significant, modest FC"
HEXB,-0.7945135999848025,1.3607037110926946e-252,1.7047673637547045e-251,"Significant, modest FC"
COL4A1,-0.775956738870474,1.1763211792256571e-251,1.453005174902678e-250,"Significant, modest FC"
BAG3,-0.9836102034991252,1.7149820613353863e-250,2.088943427487686e-249,"Significant, modest FC"
ANXA1,-0.6686050385649791,2.0602034078488648e-246,2.475066285867746e-245,"Significant, modest FC"
APP,-0.6243095272490327,1.2449836075092634e-238,1.4754738159265187e-237,"Significant, modest FC"
NACA,-0.31683728778281317,1.5030688639109702e-234,1.7575885248665611e-233,"Significant, modest FC"
FGF7,-0.9109807227398223,7.954427800841947e-229,9.178991028076825e-228,"Significant, modest FC"
PPIA,-0.30784623514490317,3.475201371111728e-223,3.958118964240241e-222,"Significant, modest FC"
SEC61G,-0.7661401595423025,7.6600829854129e-218,8.612683048983478e-217,"Significant, modest FC"
HILPDA,-0.814956030079758,1.6049262732065681e-217,1.7816713184837472e-216,"Significant, modest FC"
HSPB1,-0.4701777581289308,1.981536110149088e-214,2.1722589607509377e-213,"Significant, modest FC"
ATP5F1E,-0.49634843812826723,7.891224125695754e-214,8.543955010166884e-213,"Significant, modest FC"
VIM,0.48827953646702404,7.667716682869003e-212,8.200716501068433e-211,"Significant, modest FC"
MYH11,0.68176436917601,3.2855643136356197e-211,3.471614341034263e-210,"Significant, modest FC"
FPR1,-1.1520967669512066,1.2216584859097597e-209,1.2754696335034038e-208,Higher in PWoH
CCL17,0.5716992094512552,1.7154393798262316e-207,1.769929807185418e-206,"Significant, modest FC"
EIF5A/L1,-0.30506437131722475,3.25013260227539e-205,3.314379409529671e-204,"Significant, modest FC"
SRGN,-0.3946885171624208,8.873845835458316e-205,8.945244595053957e-204,"Significant, modest FC"
OAS1,0.6221040533098505,1.0969219346383774e-202,1.0931824280430193e-201,"Significant, modest FC"
FKBP5,-0.5390076560560106,2.3646189732433408e-201,2.3300795949824827e-200,"Significant, modest FC"
RARA,-1.0195133984793434,5.0586550532315676e-201,4.929378312982316e-200,Higher in PWoH
SPOCK2,0.7073756972676803,2.207742571505838e-200,2.127681577154527e-199,"Significant, modest FC"
CRIP1,0.5502144512532592,6.627186645181555e-199,6.317437704156765e-198,"Significant, modest FC"
ABL2,-1.1770883233987182,1.0681994288009877e-198,1.0073235473746948e-197,Higher in PWoH
CCL15,0.746515517793402,1.4342955507722289e-195,1.3381672319438774e-194,"Significant, modest FC"
ARID5B,-0.7542487722858029,1.6535064875861103e-195,1.526447568013704e-194,"Significant, modest FC"
XBP1,-0.7280569540369743,6.3173512470437124e-195,5.771163587143057e-194,"Significant, modest FC"
IL6ST,-0.3730527854461205,3.8466560304379755e-192,3.477852926488767e-191,"Significant, modest FC"
ITGAX,-1.259357398533307,1.4354591235700135e-189,1.2845894401743896e-188,Higher in PWoH
IGKC,1.0219755521276852,2.516114209325566e-188,2.2289213753318397e-187,Higher in PLWH
IL1R1,-0.5618479466941184,8.231625937722162e-187,7.219135947382336e-186,"Significant, modest FC"
TUBB4B,-0.6836163801282593,5.351567025346158e-186,4.6468557239886934e-185,"Significant, modest FC"
GSTP1,-0.5143982942348031,2.101741429696576e-184,1.8070855233763698e-183,"Significant, modest FC"
B2M,-0.334940926480523,5.274006624995291e-183,4.49058622341832e-182,"Significant, modest FC"
MSR1,-0.9325212883095495,5.786757152018125e-182,4.879794252230669e-181,"Significant, modest FC"
TWIST2,0.5858206961059924,3.278255936745894e-181,2.7381242443106183e-180,"Significant, modest FC"
CTNNB1,-0.32371071607036006,6.247976776473328e-181,5.169316634874631e-180,"Significant, modest FC"
CXCL14,-0.5920818418834437,3.447494160112979e-177,2.8256564284290494e-176,"Significant, modest FC"
SRSF2,-0.40740249133593487,2.1910861594885885e-175,1.779243112843974e-174,"Significant, modest FC"
IL4R,-0.6516089488362606,3.039719698114958e-175,2.4457194268319433e-174,"Significant, modest FC"
ACKR1,-1.3183274954709627,2.1731675465778315e-174,1.732607216680689e-173,Higher in PWoH
C5AR2,0.7481186721382302,1.413183298801899e-172,1.1165421198642031e-171,"Significant, modest FC"
PTGES3,-0.514211493198252,3.8674863955251026e-172,3.0283799722102816e-171,"Significant, modest FC"
CD163,-1.31821463848209,1.0386093120621996e-169,8.060711209544682e-169,Higher in PWoH
GPX3,-0.4207310905794239,2.270133618587397e-166,1.7464098100887256e-165,"Significant, modest FC"
IL32,-0.6206846007317699,1.4099145456249195e-164,1.0752130926200473e-163,"Significant, modest FC"
CTSD,-0.5453438531075934,6.260303429424434e-164,4.733005265176921e-163,"Significant, modest FC"
ITGB1,-0.28723668280840586,1.453304999376471e-163,1.0893576790197992e-162,"Significant, modest FC"
UBE2C,0.7802905274736833,2.217380853884729e-161,1.648002549878735e-160,"Significant, modest FC"
RPL22,-0.19709178760612822,3.051833827688064e-160,2.2491245940188503e-159,"Significant, modest FC"
COL6A3,-0.7045749016645151,5.182452513421108e-159,3.78750904522526e-158,"Significant, modest FC"
IL13RA1,-0.7321876279266584,1.623068348713446e-158,1.176389208117101e-157,"Significant, modest FC"
ARF1,-0.22329878348224064,4.7838936332580035e-157,3.4389137019403846e-156,"Significant, modest FC"
CSTB,-0.4034504342877292,1.395083521233126e-155,9.947058927816679e-155,"Significant, modest FC"
TGFBR2,-0.33959863618670694,9.966040685223887e-155,7.048562645920442e-154,"Significant, modest FC"
IL33,-0.4628777097229797,5.5950192982491294e-151,3.9254655396515893e-150,"Significant, modest FC"
LAMP2,-0.5020295309780674,4.016846695162952e-149,2.7958528187761183e-148,"Significant, modest FC"
MFAP5,-0.8792710443270397,9.044798651299227e-149,6.245896391487734e-148,"Significant, modest FC"
GPNMB,-0.3754744760002384,5.751744449538074e-148,3.9408436580038214e-147,"Significant, modest FC"
IL6,-1.1255801006987443,9.673982689919289e-148,6.576808386867609e-147,Higher in PWoH
IL17RA,-1.2391491747029932,1.090708681421745e-147,7.358088566206695e-147,Higher in PWoH
LGALS3,-0.4385875890097024,3.1793650744114976e-147,2.1284757024876973e-146,"Significant, modest FC"
HLA-DQB1/2,0.7472378476217769,5.108168179122784e-145,3.3938359796141523e-144,"Significant, modest FC"
RACK1,-0.15138602759270636,6.98737380791889e-145,4.6074637816126814e-144,"Significant, modest FC"
PDGFRA,-0.5229642284983069,5.1176479349548096e-141,3.3493859992204237e-140,"Significant, modest FC"
ABL1,-0.5327523788837323,3.757907174190333e-138,2.4412478457517938e-137,"Significant, modest FC"
FCER1G,-0.6610086505782522,5.595733898847064e-135,3.608425462712408e-134,"Significant, modest FC"
PSCA,0.76728230296394,7.402049412581848e-132,4.738392215207504e-131,"Significant, modest FC"
ITM2B,-0.1218195573024543,2.3010655045607683e-131,1.4623438025360825e-130,"Significant, modest FC"
TAGLN,0.13432610781664955,6.045486475055627e-131,3.814310531384018e-130,"Significant, modest FC"
TPM2,0.26004387029069154,1.3649963540016171e-130,8.550727160424416e-130,"Significant, modest FC"
APOE,-0.618916406778391,2.2213815604744363e-129,1.381667821656795e-128,"Significant, modest FC"
RGCC,0.591184416812971,1.3291399092423896e-128,8.208842960602646e-128,"Significant, modest FC"
COL6A1,0.5453585316497715,1.4617229725647285e-128,8.964552775799068e-128,"Significant, modest FC"
IGHG1,1.5649196897608122,4.5269868738993185e-128,2.757060755840071e-127,Higher in PLWH
BMP1,-0.7016689636528541,3.010872295111804e-126,1.8210586226296914e-125,"Significant, modest FC"
IGF2R,-0.7197652593204495,9.649677212989048e-126,5.79641569574753e-125,"Significant, modest FC"
MRC2,-0.3864916658845079,2.986120100881563e-125,1.7815151894375039e-124,"Significant, modest FC"
CDH5,-1.201244203033966,3.913287939371167e-125,2.318887515424671e-124,Higher in PWoH
BBLN,0.7403540998454443,1.4556339292847655e-124,8.567724536796909e-124,"Significant, modest FC"
LDLR,-0.5542164420024891,2.8975509258150474e-124,1.6941014412931976e-123,"Significant, modest FC"
PSAP,-0.299979016802598,7.681943371677335e-124,4.4616320112324654e-123,"Significant, modest FC"
RGS2,-0.37711556415099867,8.675422301072793e-124,5.005490367132131e-123,"Significant, modest FC"
ACVR1,-0.8395329395752003,1.641653763392941e-122,9.410002290820975e-122,"Significant, modest FC"
ITGA8,0.7381140196504998,5.507421085360268e-122,3.1363690206889317e-121,"Significant, modest FC"
IFNGR1,-0.5156768226298756,2.597369929139602e-121,1.469608663132536e-120,"Significant, modest FC"
RPL37,-0.15391057193814728,1.5646215543685866e-120,8.795981430649041e-120,"Significant, modest FC"
VWF,-0.881749252596062,1.947607131847278e-120,1.0879308628216961e-119,"Significant, modest FC"
JUN,-0.17858362763422742,3.103413982507162e-120,1.7225911788979628e-119,"Significant, modest FC"
GLUD1,-0.5826816704640798,3.875966268772056e-120,2.1378757344107505e-119,"Significant, modest FC"
COL5A2,-0.7302462785914299,1.2212184082237776e-119,6.693803400076581e-119,"Significant, modest FC"
Negative04,-1.2479125332230494,2.914621168988255e-119,1.587653891430248e-118,Higher in PWoH
IGFBP7,-0.40524682205393514,6.416478731302511e-119,3.473612251452038e-118,"Significant, modest FC"
TIGIT,0.6482510768910883,1.0821684194313148e-118,5.822464440743944e-118,"Significant, modest FC"
IFITM1,-0.34357828323978445,3.7669485277674306e-118,2.0143986944219738e-117,"Significant, modest FC"
CCR1,-0.8197109457563665,7.58346445631557e-118,4.030726259508336e-117,"Significant, modest FC"
BASP1,-0.42403408687232114,1.4087853932674822e-117,7.442799939130011e-117,"Significant, modest FC"
ITGB2,-0.6220417125021891,1.0139324594774239e-115,5.324663275219765e-115,"Significant, modest FC"
ARHGDIB,-0.3638895855905311,2.3517006483727677e-115,1.227643731323165e-114,"Significant, modest FC"
CD19,-1.2228475997979444,6.685060380477333e-114,3.46911121519445e-113,Higher in PWoH
CSF2RA,-0.7755281942026653,9.550191510448201e-114,4.926775267448866e-113,"Significant, modest FC"
RAMP3,-0.9976592652123963,1.7826988768427954e-113,9.142847456088489e-113,"Significant, modest FC"
ICAM1,-0.9096551842039573,2.6523268475915713e-113,1.352378282173144e-112,"Significant, modest FC"
CD55,-0.45324823887824195,4.457192022963955e-112,2.2595129503695884e-111,"Significant, modest FC"
EFNB2,-1.3015259028537067,1.2632052920198192e-111,6.366845063801042e-111,Higher in PWoH
RELA,-0.6034577004680823,1.5795141389304794e-110,7.915622284811602e-110,"Significant, modest FC"
ATG5,-0.8178222513240354,1.8210920690021284e-110,9.074419002925379e-110,"Significant, modest FC"
NPR3,-1.0829808513161538,2.073722941992763e-109,1.0274887119365273e-108,Higher in PWoH
HLA-DRB,-0.16936342231545076,1.3342405350837815e-108,6.573758141957732e-108,"Significant, modest FC"
FASN,-1.1962776902166117,1.7657824654034662e-108,8.651347609825921e-108,Higher in PWoH
DDR2,-0.6486419789720366,7.620215072369007e-108,3.712738121370899e-107,"Significant, modest FC"
FAU,-0.13548059638210397,2.2005218817999963e-106,1.0662197184191141e-105,"Significant, modest FC"
FFAR3,0.5066304447898657,3.8516338880704843e-106,1.8559796262845134e-105,"Significant, modest FC"
ACVRL1,-0.946814021287659,6.343245568963511e-105,3.039905116929508e-104,"Significant, modest FC"
CD164,-0.35419394490619105,6.454199345929678e-105,3.076267840424091e-104,"Significant, modest FC"
ACVR1B,-0.7890060992855654,2.8918519812959813e-104,1.3708941554576083e-103,"Significant, modest FC"
TCAP,0.6764968341621524,7.378850648104355e-104,3.4791677518212464e-103,"Significant, modest FC"
BTG1,-0.1338530356069887,5.410624458448458e-103,2.5374960695504262e-102,"Significant, modest FC"
GSK3B,-0.7100820092698639,1.0233272826921767e-102,4.773712909154463e-102,"Significant, modest FC"
SERPINH1,-0.2718658150706652,1.3366039347354082e-102,6.202125136311921e-102,"Significant, modest FC"
PTGS1,-1.0208149122408796,1.3912462999027573e-102,6.4217000263932534e-102,Higher in PWoH
SPARCL1,0.72817526618035,4.315513764583669e-102,1.981521241643915e-101,"Significant, modest FC"
IRF3,-0.5829575399207765,8.236274659356067e-102,3.7620900397162865e-101,"Significant, modest FC"
MAP1LC3B/2,-0.5176833364744442,1.4026504768930338e-101,6.373701907954356e-101,"Significant, modest FC"
TNFRSF10D,-1.3571253341405478,3.02814529548704e-101,1.368908981516564e-100,Higher in PWoH
SFN,0.6039889471638569,9.234983123736751e-100,4.153374461290837e-99,"Significant, modest FC"
SEC23A,-0.2367914504234503,1.0169257406083708e-99,4.550223849558883e-99,"Significant, modest FC"
FLT1,-0.5848358468724677,7.308298665169017e-99,3.25349133469707e-98,"Significant, modest FC"
IL16,-0.7674816021936575,7.803955862909972e-99,3.4566006524101236e-98,"Significant, modest FC"
NPR1,-0.9448181423097104,1.755742604388127e-98,7.737619417328579e-98,"Significant, modest FC"
FCGR3A/B,-0.6066866112774751,1.826259155137374e-98,8.008146395277385e-98,"Significant, modest FC"
CASP3,-1.2430313312271726,1.6720626840466424e-97,7.295517283128883e-97,Higher in PWoH
S100A6,-0.20489097469624262,1.9312102850924866e-97,8.384511980327281e-97,"Significant, modest FC"
TGFB1,-0.5362789381792561,1.9625605465891638e-97,8.478648272702938e-97,"Significant, modest FC"
CD93,-0.39829543786465704,2.0756959911530851e-97,8.923457765888508e-97,"Significant, modest FC"
MAP2K1,-0.5738622496379038,4.976402151551271e-97,2.1289291155660807e-96,"Significant, modest FC"
IL1RAP,-0.8120666544071777,6.527528840385222e-97,2.7789528121445824e-96,"Significant, modest FC"
ETS1,-0.5167906441911407,1.2611672365031714e-96,5.343206117938558e-96,"Significant, modest FC"
MMP7,0.39280226018229003,3.1130246928417944e-96,1.3125589690491606e-95,"Significant, modest FC"
RELT,0.3043537729901624,7.61770410005106e-96,3.196519854423339e-95,"Significant, modest FC"
BCL2L1,-0.35663542962652084,1.0408236297622043e-95,4.34667773000692e-95,"Significant, modest FC"
ADGRL4,-0.9066252178274891,1.0667269837990504e-95,4.433742013231124e-95,"Significant, modest FC"
ELANE,0.458953166217555,2.833874223381225e-94,1.1723149499553463e-93,"Significant, modest FC"
ATF3,-0.4123934895646264,1.3798186624128827e-93,5.681225196883089e-93,"Significant, modest FC"
CCDC80,-0.24405579124213927,4.595082503115938e-92,1.8831249323517184e-91,"Significant, modest FC"
HGF,-0.783412782935661,7.158036102306247e-92,2.9198128659174785e-91,"Significant, modest FC"
BRAF,-0.6902068190973929,6.43101432091273e-91,2.6111109071483627e-90,"Significant, modest FC"
PTTG1,-1.1671845745944076,5.280035215036538e-90,2.1339128495792826e-89,Higher in PWoH
BTF3,-0.12293801723077369,5.548267313099326e-90,2.232032308985371e-89,"Significant, modest FC"
BAX,-0.4576102007021916,1.7571495250217852e-89,7.036621613900026e-89,"Significant, modest FC"
CSF1,-0.5197321917393594,4.173342348465581e-88,1.663646018001961e-87,"Significant, modest FC"
MERTK,-0.8020386560387158,1.1146224859077845e-87,4.423185159009625e-87,"Significant, modest FC"
ATR,-0.6485394286550874,1.9814333513765114e-87,7.827554275482884e-87,"Significant, modest FC"
EFNA4,0.47315912988608044,8.171169026069136e-87,3.2135045900729292e-86,"Significant, modest FC"
NFKB1,-0.7720544240614924,1.0181496747765495e-86,3.9862377891921156e-86,"Significant, modest FC"
SLCO2B1,-0.635304431127345,1.2579448315150545e-86,4.90318940994979e-86,"Significant, modest FC"
LIFR,-0.7926063491863946,1.232615658955832e-85,4.783203242939224e-85,"Significant, modest FC"
SQLE,0.49860632029352736,1.805639536183196e-85,6.97597300983552e-85,"Significant, modest FC"
SMAD2,-0.37272089195483016,1.7012300536666886e-84,6.543766478358272e-84,"Significant, modest FC"
IL18R1,0.42650650312553884,2.589362723946598e-84,9.916467724459243e-84,"Significant, modest FC"
CALB1,-1.2084670063498892,5.945679450121904e-84,2.2671134251117e-83,Higher in PWoH
LY6D,0.5822710252947227,1.0209524706023446e-83,3.8760836221569534e-83,"Significant, modest FC"
MRC1,-0.7863452046597046,1.411021715313409e-83,5.333905363490775e-83,"Significant, modest FC"
WNT3,-1.3394172934889426,2.7605304886883864e-83,1.0390494586179033e-82,Higher in PWoH
C1QA,-0.3283636413175137,5.1113975180817156e-82,1.9156818903237883e-81,"Significant, modest FC"
MYL9,0.60407393143036,2.262414986892703e-81,8.443140185127236e-81,"Significant, modest FC"
STAT6,-0.5163453811402645,2.4878474554972297e-81,9.245094146063857e-81,"Significant, modest FC"
TNFRSF11B,-0.46922106375619066,1.7180260257192423e-80,6.35742120065728e-80,"Significant, modest FC"
IGF2,-0.2703597474875439,2.335471300842099e-80,8.605917356464373e-80,"Significant, modest FC"
HLA-DRA,-0.2400637212334642,4.03232070861252e-80,1.4796423688088618e-79,"Significant, modest FC"
AREG,-0.9625544196275844,1.4815530331512701e-79,5.413841708640267e-79,"Significant, modest FC"
CLEC1A,-1.055827881738783,5.630514875639006e-79,2.0489466995582606e-78,Higher in PWoH
CD40,-0.8156244334612801,1.9200132036933683e-78,6.9580643786739e-78,"Significant, modest FC"
TGFBI,-0.4004804540558915,2.230081717485282e-78,8.048484223187623e-78,"Significant, modest FC"
ADGRF5,-0.7021968339225271,2.3944376870580727e-78,8.606237096516106e-78,"Significant, modest FC"
CD47,-0.400835767324524,5.780184726885713e-78,2.0690702063178653e-77,"Significant, modest FC"
CYP1B1,-0.6554320562297986,4.666728574076424e-77,1.6637077070996032e-76,"Significant, modest FC"
PARP1,-0.7787004035722158,2.9261298868961036e-76,1.0389538100436772e-75,"Significant, modest FC"
PTPRCAP,0.5624038472576403,6.362828892117583e-76,2.2500810235431935e-75,"Significant, modest FC"
NOTCH1,-0.8022032290460783,8.20062648183195e-76,2.88833310223559e-75,"Significant, modest FC"
HDAC4,-0.8437706246979992,1.9523086245344888e-75,6.848698654866987e-75,"Significant, modest FC"
H2AZ1,-0.28246294681714446,2.6805434412123665e-75,9.365882860331654e-75,"Significant, modest FC"
BECN1,-0.6575936444522765,4.821009765361331e-75,1.6777879223102727e-74,"Significant, modest FC"
CARMN,0.7777402860089251,5.572642727904311e-75,1.9317026373012175e-74,"Significant, modest FC"
GZMK,-1.0126406614248784,6.542868262953014e-75,2.2590927033896824e-74,Higher in PWoH
MARCO,-1.0166571801196649,4.38049216096433e-74,1.506545735359105e-73,Higher in PWoH
KITLG,-0.6450029143698277,8.125504717967495e-74,2.7836201709599582e-73,"Significant, modest FC"
FAM30A,-1.3702927516131491,2.2644531155047416e-73,7.727336117889721e-73,Higher in PWoH
IL15,-1.1722590986055317,3.8946922445569924e-73,1.3238934490218923e-72,Higher in PWoH
HLA-DPB1,-0.4175920179695294,5.573049986689108e-73,1.887090671168474e-72,"Significant, modest FC"
EMP3,-0.29522194866686835,9.762522506323113e-73,3.292973937709758e-72,"Significant, modest FC"
CD84,-0.8937786558895229,1.210673630607409e-72,4.068048942692328e-72,"Significant, modest FC"
VEGFA,-0.21716796538730865,1.2979356771245373e-72,4.344616751290913e-72,"Significant, modest FC"
INHA,0.32599160247983194,3.6142368725171425e-72,1.205203702356477e-71,"Significant, modest FC"
KRT14,0.562132532045039,5.478024254218584e-72,1.819783057177916e-71,"Significant, modest FC"
EPHB6,0.4466314150548407,1.9971936481224326e-71,6.609580488314617e-71,"Significant, modest FC"
RAC1,-0.14144972548370438,5.370154416240355e-71,1.7705358733243577e-70,"Significant, modest FC"
ANGPT1,-0.9857266605210011,6.761394897707929e-71,2.2208776499212933e-70,"Significant, modest FC"
MAPK13,-0.9507035184506326,8.266962790370017e-71,2.7052710325203377e-70,"Significant, modest FC"
REG1A,-1.2515533729406814,9.075762519639434e-71,2.958901014767206e-70,Higher in PWoH
BID,-0.805953746010204,2.2047275562675213e-70,7.161281729061541e-70,"Significant, modest FC"
CACNA1C,-0.6537744186426813,2.5703099425065535e-70,8.317940293646669e-70,"Significant, modest FC"
PPARG,-1.0374669725605195,3.296219535829343e-70,1.0627884312214462e-69,Higher in PWoH
LYZ,-0.2835157993097379,1.0846404498192358e-69,3.484357782020036e-69,"Significant, modest FC"
FAP,-0.8231341325673083,5.814923428510084e-69,1.8611999440888117e-68,"Significant, modest FC"
TIE1,-0.6776953485674226,6.015502924778122e-69,1.9183985691019684e-68,"Significant, modest FC"
Negative02,-1.3100247017084383,1.479218546375612e-68,4.700270525983377e-68,Higher in PWoH
CLEC5A,-0.9893131733378806,1.8251708027053777e-68,5.7786093645220805e-68,"Significant, modest FC"
CLEC10A,-1.0946874923205243,1.4655054311065802e-67,4.6231951909369453e-67,Higher in PWoH
IFNAR2,-0.6426442938917631,1.900230257885351e-67,5.973125219231013e-67,"Significant, modest FC"
NDRG1,-0.19061842590579836,3.068363328851728e-67,9.61055228358202e-67,"Significant, modest FC"
FZD4,-0.6254689810248146,4.0323567241961626e-67,1.2584970986192292e-66,"Significant, modest FC"
VSIR,-0.48299798803363325,1.6538223325247464e-66,5.143270161787953e-66,"Significant, modest FC"
TGFB3,-0.40166605620845974,3.616832701327555e-66,1.1208347275845462e-65,"Significant, modest FC"
CHI3L1,-1.0788514520925507,4.181066592146606e-66,1.2911251413072443e-65,Higher in PWoH
ACVR2A,-0.891354764784343,7.183908569033538e-66,2.2106273035236534e-65,"Significant, modest FC"
FGF1,-0.6808361564272789,7.226084645855825e-66,2.2158308511942514e-65,"Significant, modest FC"
BRCA1,-1.2268005858872968,8.101799699390877e-66,2.4757067374096863e-65,Higher in PWoH
IL18,-1.1775623210289823,1.0935216578220434e-65,3.329925326076153e-65,Higher in PWoH
IKZF3,-0.9769188924406008,1.8059978374654967e-65,5.480484787049276e-65,"Significant, modest FC"
TLR4,-0.7894649076913499,2.056631085911671e-64,6.219536077050123e-64,"Significant, modest FC"
CD79A,0.4601932989678299,3.076430993820306e-64,9.27158069271618e-64,"Significant, modest FC"
CD24,-0.9642084174295227,3.886368656836086e-64,1.167241545220975e-63,"Significant, modest FC"
NFKBIA,-0.36757436135793187,4.8113625094243334e-64,1.4401245463362254e-63,"Significant, modest FC"
EPHA3,-0.7104339642980484,1.4119480872888479e-63,4.211831539293604e-63,"Significant, modest FC"
NR3C1,-0.33502186073044826,1.722796569533816e-63,5.12166980163104e-63,"Significant, modest FC"
HBA1/2,0.1611248858783041,2.9749588912515405e-63,8.814320769012165e-63,"Significant, modest FC"
SPRY2,-0.5982701282150109,1.0499549341685455e-62,3.1003719773259745e-62,"Significant, modest FC"
NTRK2,-0.4749278260402343,1.073284334729894e-62,3.1586253743560974e-62,"Significant, modest FC"
CXCR2,-1.0560092918473127,2.1876534947958737e-62,6.416629146943082e-62,Higher in PWoH
HMGCS1,-0.8475027504958446,2.3596340683295434e-62,6.897996926416699e-62,"Significant, modest FC"
BCL2,0.4656195541869166,2.5317503781773026e-62,7.376561733094666e-62,"Significant, modest FC"
PPARD,-0.7331247648256025,6.555624829006138e-62,1.903736084449796e-61,"Significant, modest FC"
SMAD4,-0.4686751035323782,1.143988491761355e-61,3.31114820882742e-61,"Significant, modest FC"
Negative06,-0.9806194161150286,1.4330575332119711e-61,4.134182423114798e-61,"Significant, modest FC"
TLR1,-0.995627001711337,5.893316660236182e-61,1.6945700691892235e-60,"Significant, modest FC"
CXCL5,-1.0658056431743066,3.6257569828091254e-60,1.039146690824707e-59,Higher in PWoH
NGFR,-0.5973514736962906,4.118025346375955e-60,1.1763870452025123e-59,"Significant, modest FC"
IFNL2/3,0.3803182057418595,5.520455764939721e-60,1.5718960083935504e-59,"Significant, modest FC"
IL6R,-0.625442806518598,1.3195208885758985e-59,3.7450479588383914e-59,"Significant, modest FC"
FZD8,-1.034060857568876,1.6815200291722493e-59,4.75707440510988e-59,Higher in PWoH
AZU1,0.28979434166216933,2.5085342140466355e-59,7.0739051630832774e-59,"Significant, modest FC"
CD274,-0.8579638077827569,8.348107674571255e-59,2.3465674457048044e-58,"Significant, modest FC"
NANOG,0.3876045694455348,1.5685846654361389e-58,4.395043934784325e-58,"Significant, modest FC"
MECOM,-0.9615229863169782,1.01335939817287e-57,2.8303063445783663e-57,"Significant, modest FC"
HTT,-0.749936295562497,1.1863773353697863e-57,3.3030251527596907e-57,"Significant, modest FC"
ZBTB16,-0.14621745362268612,2.2415061244824423e-57,6.220888832819943e-57,"Significant, modest FC"
TPT1,0.2617573762044696,5.968195931490354e-57,1.6511381173239877e-56,"Significant, modest FC"
AXL,-0.320955531827694,8.840824773458393e-57,2.438177146642456e-56,"Significant, modest FC"
DST,-0.4582762133820617,1.8379029005778574e-56,5.0527926138143605e-56,"Significant, modest FC"
CD3D,-0.9567078112337418,2.885077136535563e-56,7.906914527317778e-56,"Significant, modest FC"
MGP,-0.13442885603001908,4.49006996502394e-56,1.2267262801638615e-55,"Significant, modest FC"
SYK,-0.8778272069220405,7.583769114977292e-56,2.0655172403214548e-55,"Significant, modest FC"
ADGRE5,-0.4249971857804309,1.7268009444693603e-55,4.688558601546839e-55,"Significant, modest FC"
CASP8,-0.8229265580419405,1.7408844862810208e-55,4.712208933544614e-55,"Significant, modest FC"
FABP5,-0.47743401253491013,2.2329814200914503e-55,6.025614478216006e-55,"Significant, modest FC"
CD40LG,-1.0476045340905267,2.4600526549717333e-55,6.617994412301258e-55,Higher in PWoH
CCL8,0.3860779466665778,2.6916747823900488e-55,7.21895652647117e-55,"Significant, modest FC"
TSHZ2,-0.7001648671743848,4.328304008861485e-55,1.157293480418147e-54,"Significant, modest FC"
ATG10,-0.7644100201930655,1.1994480257916146e-54,3.1973128225509e-54,"Significant, modest FC"
CFLAR,-0.18718902663080073,1.38501106217517e-54,3.680771822810982e-54,"Significant, modest FC"
FGFR1,-0.3573439904396032,2.6465848803675564e-54,7.012250574266909e-54,"Significant, modest FC"
MXRA8,0.5038312191938625,3.598361725235523e-54,9.505310942866125e-54,"Significant, modest FC"
COL15A1,-0.13729605586277005,3.806591663061526e-54,1.0025167833348224e-53,"Significant, modest FC"
CYTOR,-0.41224253615072515,4.7031362545689747e-54,1.234925297981135e-53,"Significant, modest FC"
IGFBP3,-0.5154666815914,7.433202783852283e-54,1.9459459228174484e-53,"Significant, modest FC"
IL12RB1,0.38802443135213505,7.705129515859912e-54,2.0111305313717688e-53,"Significant, modest FC"
ITGA6,-0.5524111055079615,8.214629330659395e-54,2.1377536863466732e-53,"Significant, modest FC"
CXCL13,-0.9577012830746341,1.060558056215358e-53,2.7518030038487244e-53,"Significant, modest FC"
COL1A2,0.7839329069679475,1.5590628067981665e-53,4.0333276742241652e-53,"Significant, modest FC"
IGF1,0.4388017953233634,1.8606368357680884e-53,4.799348544025334e-53,"Significant, modest FC"
NLRC4,-0.1752486799439934,1.8846452534772425e-53,4.8470201973593595e-53,"Significant, modest FC"
CXCR4,-0.31622895442774235,1.8932846119365599e-53,4.855001768036149e-53,"Significant, modest FC"
KRT4,0.3557593717289156,2.97528233772955e-53,7.6073545486554395e-53,"Significant, modest FC"
G0S2,0.3394835735067203,6.821779878994217e-53,1.7391572540342813e-52,"Significant, modest FC"
MEG3,-0.32571757025571246,7.516361304562398e-53,1.9106808301742675e-52,"Significant, modest FC"
CDH1,-1.0324336186866487,9.95211742788266e-53,2.5225453711714138e-52,Higher in PWoH
AKT1,-0.3132468719972641,1.4864237324006265e-52,3.7567539288626785e-52,"Significant, modest FC"
HPGDS,-0.799814388698576,2.1125474917314192e-52,5.32386250071395e-52,"Significant, modest FC"
TLR3,-0.9182186526776053,4.067433069343521e-52,1.0221028085427703e-51,"Significant, modest FC"
PXDN,-0.3853573107546042,4.672791953149792e-52,1.1708681551178193e-51,"Significant, modest FC"
CD70,0.3830169380515367,5.247691946390611e-52,1.3111754521323548e-51,"Significant, modest FC"
DUSP4,-0.9531747535559019,5.3751057378103164e-52,1.3391953784260364e-51,"Significant, modest FC"
ARG1,-0.9269313021655978,7.691499223537957e-52,1.9108908835815263e-51,"Significant, modest FC"
MMP12,-0.9879569013887189,9.382591687283747e-52,2.3244443247875275e-51,"Significant, modest FC"
MET,-0.9560549517655729,1.7387262472118115e-51,4.295388503675376e-51,"Significant, modest FC"
PRSS2,-0.8796190552744239,3.300566178451341e-51,8.130889153095017e-51,"Significant, modest FC"
IL1R2,-0.8137473250104588,4.0605444739726943e-51,9.97506303550155e-51,"Significant, modest FC"
BTK,-0.7698617707631183,4.4321459891734195e-51,1.0857519643868964e-50,"Significant, modest FC"
PDS5A,-0.2707413967699348,8.459810488203837e-51,2.0666445120208258e-50,"Significant, modest FC"
CXCR5,-0.9862396630712587,8.851164441508081e-51,2.1562420042229407e-50,"Significant, modest FC"
CD2,-0.6139952231804648,1.2214354651153593e-50,2.967309980349502e-50,"Significant, modest FC"
IFNAR1,-0.3178626239210476,4.880696123226044e-50,1.1824227900743759e-49,"Significant, modest FC"
EPOR,-0.7278818074920124,6.622765723534372e-50,1.6000456031789654e-49,"Significant, modest FC"
MIR4435-2HG,-0.8846677766992628,9.464492186423647e-50,2.2803185844762468e-49,"Significant, modest FC"
HMGB2,-0.3886985773622289,3.2700278366210013e-49,7.857025788264708e-49,"Significant, modest FC"
CRP,-1.1271889238402095,9.378177535353646e-49,2.247175327460423e-48,Higher in PWoH
GC,-0.9911129903069673,1.3247851335168376e-48,3.165767199166939e-48,"Significant, modest FC"
CXCL12,0.13799542810235854,2.2260471233187644e-48,5.30500904116999e-48,"Significant, modest FC"
MMP19,-0.5271520527475908,3.461992979094766e-48,8.228097134596503e-48,"Significant, modest FC"
EGFR,0.36106706620759654,4.77041996311081e-48,1.1307184615265352e-47,"Significant, modest FC"
IGHD,0.3640355630237684,1.1142880339480397e-47,2.634044759494423e-47,"Significant, modest FC"
HCST,-0.4493915920813696,1.7824562432348025e-47,4.202188508916456e-47,"Significant, modest FC"
VEGFC,-0.7242133751708978,3.497995884434707e-47,8.224510430695008e-47,"Significant, modest FC"
IL17B,0.35839009933793653,4.332306063560703e-47,1.0158910207868278e-46,"Significant, modest FC"
CDKN3,-0.8208684866664349,5.943558065415108e-47,1.3900001128984133e-46,"Significant, modest FC"
VPREB3,-1.0819554060827012,8.9506798860712e-47,2.087698473426714e-46,Higher in PWoH
LDB2,-0.30468570386016425,9.047646744397744e-47,2.1047178235641438e-46,"Significant, modest FC"
MAF,-0.1811182243337468,1.2032530490668532e-46,2.79167440220008e-46,"Significant, modest FC"
ITK,-0.886490799950358,1.2118447527228197e-46,2.804189572923253e-46,"Significant, modest FC"
SREBF1,-0.5539094077789108,1.6422676444067196e-46,3.79018085301235e-46,"Significant, modest FC"
FGF2,-0.4900121970851863,2.5345062695477974e-46,5.834020993158579e-46,"Significant, modest FC"
CD74,-0.10567711555396375,2.5546640657722357e-46,5.8650271876498704e-46,"Significant, modest FC"
TAP1,-0.4167889457926657,3.55739324696869e-46,8.145780359246845e-46,"Significant, modest FC"
BEST1,-0.6605912336870019,5.765432145306786e-46,1.3167406227692841e-45,"Significant, modest FC"
DUSP5,-0.6546349385369354,6.715823649273678e-46,1.5298122962111727e-45,"Significant, modest FC"
ITM2A,-0.2094895943320756,3.5413098031651494e-45,8.045929267813047e-45,"Significant, modest FC"
CD276,-0.3964303918483634,3.92369905614971e-45,8.891690109155802e-45,"Significant, modest FC"
TNFRSF10B,-0.47618416450429124,4.0182958351544264e-45,9.082591359356784e-45,"Significant, modest FC"
ZFP36,0.12138060180448029,4.3327025927509295e-45,9.768072426330502e-45,"Significant, modest FC"
IL2RA,-0.6925915812927986,4.8296612622555376e-45,1.0860545966661811e-44,"Significant, modest FC"
ISG15,-0.6211623876955563,5.419522223761074e-45,1.2155808159177651e-44,"Significant, modest FC"
CXCL16,-0.33684941054945794,7.852035615792526e-45,1.7566926620025625e-44,"Significant, modest FC"
ST6GAL1,-0.5354666317464569,1.3199015238913604e-44,2.9454291003886087e-44,"Significant, modest FC"
NKG7,0.2822257052167938,2.1182728871484608e-44,4.715038888398985e-44,"Significant, modest FC"
CPB1,-1.0644999848400274,2.6853960695007483e-44,5.962259121397863e-44,Higher in PWoH
NOSIP,-0.46657334428753683,3.6712112315205905e-44,8.130434974857469e-44,"Significant, modest FC"
ATG12,-0.5210090934573417,5.453838011926251e-44,1.2047899084280408e-43,"Significant, modest FC"
ITGB5,-0.11205405266697754,6.50591554100098e-44,1.4335899320245876e-43,"Significant, modest FC"
CCL3/L1/L3,0.21069307141315674,1.196013123483159e-43,2.6288308503627326e-43,"Significant, modest FC"
CD3E,-0.8519407979051574,2.238428165587496e-43,4.9077537530505846e-43,"Significant, modest FC"
INSR,-0.47070516623577285,3.5078671600057515e-43,7.671819200311829e-43,"Significant, modest FC"
CD8B,-0.9067910166703577,4.687240578683432e-43,1.0225646735087985e-42,"Significant, modest FC"
DPP4,-0.7046584026501499,6.522008697520169e-43,1.4193056148201461e-42,"Significant, modest FC"
HDAC1,-0.5918705076735671,7.205388727095406e-43,1.564140077639275e-42,"Significant, modest FC"
OLFM4,-0.9746539177758701,8.86199687506722e-43,1.9190052492429514e-42,"Significant, modest FC"
CD34,-0.2935115302068345,1.0639414989298314e-42,2.2982184595109904e-42,"Significant, modest FC"
CCR5,0.2911577444781406,1.4815994140638573e-42,3.192537312368558e-42,"Significant, modest FC"
MS4A1,-0.8516489117423137,1.832312091618814e-42,3.938572804778676e-42,"Significant, modest FC"
S100A8,-0.9841823009871796,2.1493897225535438e-42,4.608838109240729e-42,"Significant, modest FC"
YES1,-0.41444837776897825,3.1845713925204635e-42,6.81187588107426e-42,"Significant, modest FC"
COL21A1,0.4732042166353625,3.2254619109349114e-42,6.882554977834349e-42,"Significant, modest FC"
IL12B,-0.8254717899769564,4.609981985997761e-42,9.812995635242806e-42,"Significant, modest FC"
BMPR1A,-0.5302365203564137,5.249147213389893e-42,1.1146494203735924e-41,"Significant, modest FC"
CXCL1/2/3,-0.6054807903167547,8.511630227196275e-42,1.8030675626210467e-41,"Significant, modest FC"
PLCG1,-0.38495589266111585,1.0342385662665051e-41,2.1856077653390965e-41,"Significant, modest FC"
KRT23,-0.8794439488369132,2.4965020610463864e-41,5.263058431580964e-41,"Significant, modest FC"
Negative09,-0.8455537057670777,4.1626616102150094e-41,8.754566503977369e-41,"Significant, modest FC"
TNFSF8,-0.7350118258919263,5.267976107229638e-41,1.1052667574259312e-40,"Significant, modest FC"
PGF,-0.4413326954090684,6.158004369415038e-41,1.288918814314317e-40,"Significant, modest FC"
PTEN,-0.3295937418413548,1.1260896828196376e-40,2.3513825043638624e-40,"Significant, modest FC"
RAG1,-1.0187245699912006,1.2417077961491667e-40,2.586645456586269e-40,Higher in PWoH
CD48,-0.5785347932581841,2.086594793630639e-40,4.336359322308223e-40,"Significant, modest FC"
ERBB2,-0.6836130835032193,2.7995617170902534e-40,5.804292259782866e-40,"Significant, modest FC"
TAP2,-0.35523740735656184,3.9706440333655325e-40,8.212865135050877e-40,"Significant, modest FC"
SLPI,-0.6224598954342939,6.855786964006977e-40,1.4147118041021456e-39,"Significant, modest FC"
CD37,-0.49756417577338774,6.873292696347141e-40,1.4149947640132493e-39,"Significant, modest FC"
IL1A,-0.7697677284430691,1.6047631429535716e-39,3.295965518431574e-39,"Significant, modest FC"
NRG1,-0.9558826000185136,2.212091052796987e-39,4.532719283418125e-39,"Significant, modest FC"
TNFSF12,0.32310517297101393,3.232023145717438e-39,6.607189507678772e-39,"Significant, modest FC"
TTR,-0.9316718411875534,5.315147877211377e-39,1.0840429507707856e-38,"Significant, modest FC"
DLL1,-0.5608601550251531,8.392209033585626e-39,1.7076490307319243e-38,"Significant, modest FC"
CCL22,-0.9439704842774203,1.476096060128228e-38,2.996611677621426e-38,"Significant, modest FC"
FGF18,-0.8087397867467698,1.4867721246151274e-38,3.011314441772441e-38,"Significant, modest FC"
NLRC5,-0.5187294098514756,1.584331809837192e-38,3.201518426790823e-38,"Significant, modest FC"
CXCL9,-0.8127474502847978,1.790791684151787e-38,3.6104007057496944e-38,"Significant, modest FC"
FGFR3,0.3151562868756894,2.1901574623928463e-38,4.405431409446161e-38,"Significant, modest FC"
SELL,-0.8983571511105763,2.727511579925973e-38,5.47374749564091e-38,"Significant, modest FC"
NLRP2,-1.0191723988240584,3.389290796338856e-38,6.786319699518669e-38,Higher in PWoH
IL2RG,-0.6736486704044047,3.606164420818305e-38,7.204114344094882e-38,"Significant, modest FC"
CNTFR,-0.666521572124692,4.0206634443257843e-38,8.013913274258438e-38,"Significant, modest FC"
NUPR1,0.37032595548459035,7.623709094697921e-38,1.5160981578344845e-37,"Significant, modest FC"
EPHA4,-0.8305067614463142,7.927943485497594e-38,1.5730331304935272e-37,"Significant, modest FC"
FGG,-1.049660302275838,2.1860812707871794e-37,4.327750055260398e-37,Higher in PWoH
CCR7,-0.504190017160429,2.4570803582280566e-37,4.85328710397749e-37,"Significant, modest FC"
INHBA,-0.23915687458702672,2.5285274420105542e-37,4.9831877902095646e-37,"Significant, modest FC"
COL1A1,0.9371889280896601,2.63310834823517e-37,5.177659240812207e-37,"Significant, modest FC"
CPA3,-0.8248659743475615,3.4677258130075304e-37,6.8035694362586224e-37,"Significant, modest FC"
IFNG,-0.9637894650951372,7.457864451872166e-37,1.4599435545294398e-36,"Significant, modest FC"
COL4A5,-0.8011235555403845,8.16458599989358e-37,1.5947309402910177e-36,"Significant, modest FC"
HAVCR2,-0.5283042479823072,1.0644850107139122e-36,2.0745630097691133e-36,"Significant, modest FC"
CST7,-0.5415848734397626,1.3867849927322593e-36,2.696697203162287e-36,"Significant, modest FC"
RGS13,-1.069186331002665,1.5042969664555763e-36,2.918735485799868e-36,Higher in PWoH
HLA-DQA1,-0.16187814806931833,1.6253115086246117e-36,3.146574377624248e-36,"Significant, modest FC"
CD38,-0.6405082573924898,1.6907942035596255e-36,3.2661377015898494e-36,"Significant, modest FC"
FHIT,0.33623996010696144,1.7685104893231825e-36,3.408755382717431e-36,"Significant, modest FC"
CHEK1,-0.8724598460619853,2.6161729789122163e-36,5.03154320725003e-36,"Significant, modest FC"
CD8A,0.24122346182652699,2.7467395227603046e-36,5.2710953204831223e-36,"Significant, modest FC"
LEP,-0.9420775380090314,3.449575461608144e-36,6.605409781288956e-36,"Significant, modest FC"
STAT5B,-0.19583976433636296,3.9925803159408344e-36,7.628524917385864e-36,"Significant, modest FC"
TNFSF10,-0.43894780990986293,4.984942209133643e-36,9.503900690022185e-36,"Significant, modest FC"
BST1,-0.7332561265279077,7.856870173337527e-36,1.4946800741902412e-35,"Significant, modest FC"
FES,-0.4085911443053234,8.168829695109616e-36,1.5506631261063058e-35,"Significant, modest FC"
DHRS2,0.25583509861638376,9.83876793327876e-36,1.8636283968651128e-35,"Significant, modest FC"
COL6A2,-0.10680633881129431,1.7425601178407833e-35,3.2935888434188947e-35,"Significant, modest FC"
ADGRG1,-0.6412348803158814,2.1497946132850153e-35,4.05455887279776e-35,"Significant, modest FC"
LTBR,-0.19125304720497605,2.3248316996861497e-35,4.375273391898612e-35,"Significant, modest FC"
CSF3R,-0.7426503072408944,2.8378842046275604e-35,5.329388538454755e-35,"Significant, modest FC"
BGN,-0.24285839959186362,3.222056443457004e-35,6.037913463486736e-35,"Significant, modest FC"
CLEC12A,-0.7730864921985392,3.8030592981928104e-35,7.111477621567366e-35,"Significant, modest FC"
FN1,-0.3494266141874336,4.341993142952521e-35,8.101974439083747e-35,"Significant, modest FC"
RAMP1,0.32470322161285603,5.323566174549902e-35,9.906409773520525e-35,"Significant, modest FC"
IL27RA,-0.8302567700789869,5.331613925999644e-35,9.906409773520525e-35,"Significant, modest FC"
IL1RL1,-0.7347449482007535,7.9656588226940305e-35,1.4769308218821701e-34,"Significant, modest FC"
DDC,-0.6087713584782903,8.920823954711179e-35,1.6505406346585872e-34,"Significant, modest FC"
ADGRL1,-0.8119773337692298,1.045673921553395e-34,1.9306442720048997e-34,"Significant, modest FC"
TOP2A,-0.9501551794278236,1.658285322492423e-34,3.0552861929114598e-34,"Significant, modest FC"
FOXF1,0.2319870436568836,1.684958756959329e-34,3.0979220751642167e-34,"Significant, modest FC"
SPRY4,-0.16631607306426388,1.762272138789242e-34,3.233290095644697e-34,"Significant, modest FC"
FOXP3,-0.9052894539641592,2.184942027168014e-34,4.000405339929745e-34,"Significant, modest FC"
FKBP11,-0.3864432544398524,2.5136236418712686e-34,4.592599862335631e-34,"Significant, modest FC"
ESAM,-0.3367674823164908,3.0081243190365114e-34,5.484667417453265e-34,"Significant, modest FC"
DPT,-0.2538957215733979,3.8998023457130485e-34,7.095698458901128e-34,"Significant, modest FC"
ALCAM,-0.2360747729815409,9.36332466124157e-34,1.7001316206850636e-33,"Significant, modest FC"
FGR,-0.5502846848208072,1.0985433026632336e-33,1.9905423066852393e-33,"Significant, modest FC"
FASLG,-0.8115186749446297,1.2746371254909303e-33,2.3048592970217442e-33,"Significant, modest FC"
SNAI2,-0.5073107382822732,1.8749657120018784e-33,3.383425780711209e-33,"Significant, modest FC"
G6PD,-0.4354548726611529,3.0596050361120904e-33,5.5098020876186924e-33,"Significant, modest FC"
FYB1,-0.2899378830194326,3.516471847723442e-33,6.319561086994793e-33,"Significant, modest FC"
MAPK14,-0.10695415954003096,7.134690770257383e-33,1.279575420350864e-32,"Significant, modest FC"
MB,0.581524219033887,9.41420368404125e-33,1.684950332837587e-32,"Significant, modest FC"
ITGB4,-0.7119227826137713,1.0022284945889997e-32,1.790131140029639e-32,"Significant, modest FC"
PTGDS,-0.11602639578244256,1.1919777528067678e-32,2.1247245715681612e-32,"Significant, modest FC"
PDCD1LG2,-0.5867763680297327,1.7218999157251313e-32,3.063095793287911e-32,"Significant, modest FC"
CXCR1,-0.8936867441532466,2.955231651573119e-32,5.24643351908831e-32,"Significant, modest FC"
LINC01781,0.2754840450314151,3.1770928388124453e-32,5.628909938663666e-32,"Significant, modest FC"
EPHB4,-0.6402562394011393,3.3743404334276665e-32,5.966323709911418e-32,"Significant, modest FC"
EFNA5,-0.4235324474799147,3.762422633195007e-32,6.63912404288133e-32,"Significant, modest FC"
WNT7A,-0.7633499802264591,4.3546318893946186e-32,7.668699130520242e-32,"Significant, modest FC"
PSD3,-0.5685326818813072,4.688738327111495e-32,8.240528081917398e-32,"Significant, modest FC"
BMPR2,-0.24143000691881866,4.851212647611316e-32,8.509026983910248e-32,"Significant, modest FC"
CLCF1,-0.6575003721083297,6.909306527162672e-32,1.209473418028276e-31,"Significant, modest FC"
PDGFA,-0.11006719950912913,8.224325662035064e-32,1.4367995230288348e-31,"Significant, modest FC"
IFI27,-0.4045829607865583,1.2149187000671135e-31,2.1182578528009116e-31,"Significant, modest FC"
OAS3,-0.7873040035905045,1.6814742438054373e-31,2.925898634558271e-31,"Significant, modest FC"
NEAT1,-0.2273919506222093,2.143834085849543e-31,3.7230544421585136e-31,"Significant, modest FC"
NUSAP1,-0.881348946802805,6.826040780178058e-31,1.1830904672363946e-30,"Significant, modest FC"
OSM,-0.7952290560172017,3.6637862161643866e-30,6.337555249657134e-30,"Significant, modest FC"
ITGAE,-0.8525657368395743,5.8074935149364716e-30,1.0025928764959224e-29,"Significant, modest FC"
LCN2,-0.7971404090974943,8.816503718186958e-30,1.519071465785847e-29,"Significant, modest FC"
CELSR1,-0.8160404877194453,9.594243847469411e-30,1.6498336969079752e-29,"Significant, modest FC"
CHEK2,-0.6587793007557354,1.0609995250324737e-29,1.820932648636946e-29,"Significant, modest FC"
ADGRF1,-0.6779034588334616,1.0829400790794e-29,1.854957908891863e-29,"Significant, modest FC"
CCL11,0.2703831321084129,1.2453910330648552e-29,2.129060304089431e-29,"Significant, modest FC"
CTSW,-0.8223094018439567,3.0376154535823786e-29,5.182857495703786e-29,"Significant, modest FC"
IL12RB2,-0.7153614286257223,3.056433456838837e-29,5.204839109995456e-29,"Significant, modest FC"
SLA,-0.3983931176322624,4.5472882015418824e-29,7.728627427814401e-29,"Significant, modest FC"
UPK3A,0.21433477307678706,6.234597430168708e-29,1.0575903184251367e-28,"Significant, modest FC"
INHBB,-0.6217698091578912,9.403512247588781e-29,1.5920618226130042e-28,"Significant, modest FC"
STAT1,-0.12325985411411011,1.9825075953715363e-28,3.3500176515237714e-28,"Significant, modest FC"
C1QC,-0.2612148041697617,6.834722942619319e-28,1.1527023116686812e-27,"Significant, modest FC"
STAT5A,-0.2194787192314871,1.1254031150557484e-27,1.8943925756312696e-27,"Significant, modest FC"
Negative03,-0.9268546814852463,1.149389801578658e-27,1.9310629424990097e-27,"Significant, modest FC"
CD53,-0.23306678757569488,1.1911512059533685e-27,1.9973988673443675e-27,"Significant, modest FC"
HDAC11,-0.5230849173397658,1.210922600750021e-27,2.026677711560627e-27,"Significant, modest FC"
BMP2,0.23011534447705229,1.7606224077305798e-27,2.941077812532797e-27,"Significant, modest FC"
TNFRSF11A,-0.663031021193084,3.371847710847772e-27,5.621882970367864e-27,"Significant, modest FC"
SIGIRR,0.3671461554037738,5.213009633424915e-27,8.67516024385892e-27,"Significant, modest FC"
TSC22D1,-0.1083964414311187,1.3550513877261354e-26,2.2507198239314787e-26,"Significant, modest FC"
DMBT1,-0.7246799071714444,1.7760627344273758e-26,2.9444367071697703e-26,"Significant, modest FC"
WNT5B,-0.7484942321010615,2.4272109523459297e-26,4.016347179636567e-26,"Significant, modest FC"
LYN,0.3255663085566747,2.8857279549434033e-26,4.7660704641908935e-26,"Significant, modest FC"
TLR5,-0.726819034019221,2.932690194229025e-26,4.8345287600354415e-26,"Significant, modest FC"
OAS2,-0.477592701815587,3.1768091098095545e-26,5.22713243771666e-26,"Significant, modest FC"
PIGR,-0.7646034292620705,3.9611316852291105e-26,6.505454097277022e-26,"Significant, modest FC"
CD83,-0.5124104358517638,5.67639667247968e-26,9.305046507971362e-26,"Significant, modest FC"
CLEC7A,-0.4783287665966016,5.801786934001978e-26,9.492849143880102e-26,"Significant, modest FC"
ACP5,0.2162376414813214,1.5365621345104354e-25,2.5094320148336163e-25,"Significant, modest FC"
WNT11,-0.7139382645600653,1.5741058762914057e-25,2.5659681291962136e-25,"Significant, modest FC"
PDGFB,-0.554025200130722,3.021370522856216e-25,4.916033299712248e-25,"Significant, modest FC"
JCHAIN,0.24035204623512496,3.2437877401778105e-25,5.26815157062211e-25,"Significant, modest FC"
IFI44L,0.22328575752754798,3.9366629487269907e-25,6.3816144288975435e-25,"Significant, modest FC"
FZD6,-0.46750278789329713,7.171628470349003e-25,1.1604277063645896e-24,"Significant, modest FC"
EFNB1,0.3302759747877517,8.232440598741495e-25,1.3296225423750076e-24,"Significant, modest FC"
C11orf96,-0.17694140239523826,1.929222738509215e-24,3.1101623927804804e-24,"Significant, modest FC"
APOC1,0.2087338816040729,2.268389139114748e-24,3.65023353211676e-24,"Significant, modest FC"
VCAN,0.13557704727395103,3.6380463190553605e-24,5.843528611376468e-24,"Significant, modest FC"
NOTCH3,0.4851017267695874,4.2689071605666526e-24,6.84429904902551e-24,"Significant, modest FC"
APOA1,-0.8109671308467978,4.358717021503727e-24,6.975538007041548e-24,"Significant, modest FC"
IL12A,-0.6929694952753407,4.373839854043391e-24,6.986990076495544e-24,"Significant, modest FC"
FGF13,-0.52515906335846,4.873022215430234e-24,7.7702554235133e-24,"Significant, modest FC"
LY75,-0.5086874022169761,1.0634092844165098e-23,1.692577028009581e-23,"Significant, modest FC"
CCL13,-0.6464755413852828,1.122032916693783e-23,1.782650123080521e-23,"Significant, modest FC"
KLRK1,-0.5964241038698004,2.396970811685155e-23,3.801344307139025e-23,"Significant, modest FC"
XCL1/2,0.22186088243044733,2.4584247787457695e-23,3.8917663013719134e-23,"Significant, modest FC"
FZD7,-0.5939860012967977,4.076011632355927e-23,6.440832795632699e-23,"Significant, modest FC"
LAMA4,-0.256670721868943,4.106806126776028e-23,6.477821894213267e-23,"Significant, modest FC"
KDR,0.14800302849222025,5.844698803176032e-23,9.202514991715224e-23,"Significant, modest FC"
Negative01,-0.5603872655607107,1.1928036037341144e-22,1.8747110402774522e-22,"Significant, modest FC"
KRT18,0.2192177646557325,1.6538957371873324e-22,2.5947523461776216e-22,"Significant, modest FC"
RB1,-0.22192790584004518,2.0477700997904565e-22,3.206954245564697e-22,"Significant, modest FC"
FGF9,-0.6700033874863875,2.121261687652634e-22,3.316125668576399e-22,"Significant, modest FC"
NRXN1,-0.6753514758992893,2.7351066518051406e-22,4.268129063404107e-22,"Significant, modest FC"
MMP1,-0.7888710307576159,2.772669342450709e-22,4.319060414439203e-22,"Significant, modest FC"
WNT5A,0.21638368994611756,2.916940549260015e-22,4.535739116491194e-22,"Significant, modest FC"
LTF,-0.8140309218742683,3.1191154644068336e-22,4.841529667760696e-22,"Significant, modest FC"
RGS1,-0.10073955559261671,3.2774155186526265e-22,5.078256907876949e-22,"Significant, modest FC"
ADGRG6,-0.538164015093427,3.4512074289762885e-22,5.338110961573554e-22,"Significant, modest FC"
BMP7,-0.6233158366633434,4.35531842369215e-22,6.724672988693689e-22,"Significant, modest FC"
HBB,-0.1361421954971611,5.014264213281357e-22,7.728488075655097e-22,"Significant, modest FC"
TNFSF13B,-0.40330078415651416,8.045254347289109e-22,1.23784001097764e-21,"Significant, modest FC"
KLRF1,-0.8285459915306584,8.837822427577105e-22,1.3574028492093032e-21,"Significant, modest FC"
CCL5,-0.3757841491870071,9.77157320837035e-22,1.4981940041504889e-21,"Significant, modest FC"
IL10RA,-0.42056150385314206,1.111061752337358e-21,1.7005255790573527e-21,"Significant, modest FC"
IL10RB,-0.17550475106074703,1.1676846070951262e-21,1.7840756104920306e-21,"Significant, modest FC"
EPHB3,-0.6139032063712642,1.2423171185055848e-21,1.8948036746598224e-21,"Significant, modest FC"
RARB,0.10187066177095305,2.030126760162735e-21,3.0910089733727753e-21,"Significant, modest FC"
CTLA4,0.20853853104576903,2.0785641988455438e-21,3.159273487673383e-21,"Significant, modest FC"
EPHA7,0.20652299260539464,2.8815723608852487e-21,4.3722127344227736e-21,"Significant, modest FC"
C1QB,-0.2984553387287421,3.1708777816940296e-21,4.802866691788711e-21,"Significant, modest FC"
ITGA3,-0.2522342702927445,3.5459922635354324e-21,5.361784853656163e-21,"Significant, modest FC"
KIT,-0.6481759384433856,3.962641773401111e-21,5.9761776757468084e-21,"Significant, modest FC"
PTGIS,-0.16165102562039868,3.9708081180810104e-21,5.9761776757468084e-21,"Significant, modest FC"
NLRP3,-0.6388348801965611,3.972761214321995e-21,5.9761776757468084e-21,"Significant, modest FC"
FFAR4,0.1892946030155236,7.077024616901254e-21,1.0627655118189041e-20,"Significant, modest FC"
ICA1,-0.473343238346416,9.657060235171362e-21,1.4477336455120144e-20,"Significant, modest FC"
MS4A4A,-0.19311399883869163,2.2567540240049337e-20,3.377428803843561e-20,"Significant, modest FC"
NR1H3,-0.34773547654367176,3.296431988615304e-20,4.924992936994244e-20,"Significant, modest FC"
STAT4,-0.5327924578001363,5.286710734425212e-20,7.885111078385902e-20,"Significant, modest FC"
GPX1,-0.2397608688289523,6.576104350074332e-20,9.791584915136144e-20,"Significant, modest FC"
MS4A6A,-0.12456918723858834,6.72409259040599e-20,9.99496474878992e-20,"Significant, modest FC"
ALOX5AP,-0.2636157113061546,7.451711896011101e-20,1.1057785673099383e-19,"Significant, modest FC"
TPM1,0.4544172867102443,1.0735328999752142e-19,1.5903519481051736e-19,"Significant, modest FC"
IL22RA1,-0.9101098753563855,1.0862742014775062e-19,1.60651344805358e-19,"Significant, modest FC"
COL14A1,0.5255588992573399,1.117797825229341e-19,1.650351334555778e-19,"Significant, modest FC"
CXCR6,-0.6739055746016447,1.1521322986775806e-19,1.6981849175466187e-19,"Significant, modest FC"
MX1,0.14389157266785757,1.31782992730097e-19,1.9391557822868298e-19,"Significant, modest FC"
IL1RN,-0.5251869540962655,1.3914644426735782e-19,2.04407758161596e-19,"Significant, modest FC"
PPARA,-0.35871664998916053,1.4541780550330555e-19,2.1326323649899493e-19,"Significant, modest FC"
CX3CR1,-0.5462449277945269,2.0495876483860987e-19,3.0008153048991794e-19,"Significant, modest FC"
ERBB3,0.10749693752644163,2.1006548209615925e-19,3.0704571299721943e-19,"Significant, modest FC"
ITGB8,-0.2375443102917254,5.655222101199578e-19,8.252295811567437e-19,"Significant, modest FC"
RSPO3,-0.5789983622137526,5.739669878846085e-19,8.361612099249197e-19,"Significant, modest FC"
RPL21,0.23887429743759636,8.230398205578425e-19,1.1970247473121523e-18,"Significant, modest FC"
KRT5,-0.6731693174367609,9.72720902947495e-19,1.412377867359194e-18,"Significant, modest FC"
CIDEA,-0.7059285670502121,1.4508700782754224e-18,2.1031620804091658e-18,"Significant, modest FC"
COL17A1,0.19355557663980294,2.0464151953531276e-18,2.9615612645621995e-18,"Significant, modest FC"
GPR183,-0.35824165035269107,2.189984364193886e-18,3.164112499832023e-18,"Significant, modest FC"
Negative08,-0.7277122100609236,2.309785837974431e-18,3.331714111683513e-18,"Significant, modest FC"
DDX58,-0.39089974864802857,3.0741279357872545e-18,4.4269461406985584e-18,"Significant, modest FC"
DDR1,-0.5138553145731986,3.139761467454461e-18,4.5140505032091185e-18,"Significant, modest FC"
AIF1,-0.30553873646063634,4.167222739735675e-18,5.98143100286119e-18,"Significant, modest FC"
BMP3,-0.6119618946378063,5.783501746723825e-18,8.287795803720252e-18,"Significant, modest FC"
TNNC1,0.26362957011769783,6.382690131211144e-18,9.131515897344491e-18,"Significant, modest FC"
KRAS,-0.2979816267175861,6.876871018293575e-18,9.822501438181539e-18,"Significant, modest FC"
CMKLR1,-0.20893570371857084,1.1582566932319465e-17,1.651692877990922e-17,"Significant, modest FC"
ITGAL,-0.4838563402988614,1.259075326466682e-17,1.7925471774533767e-17,"Significant, modest FC"
RBPJ,-0.10288398522481357,1.2914003106820801e-17,1.8355884480845775e-17,"Significant, modest FC"
TNFSF4,-0.7243058701768756,1.3979897703766563e-17,1.9838786870879088e-17,"Significant, modest FC"
MST1R,-0.6350422043113535,1.798886997473692e-17,2.5486654229150694e-17,"Significant, modest FC"
ITGA2,-0.41728831183115056,2.5262048101079063e-17,3.5733574491365064e-17,"Significant, modest FC"
CD22,-0.7404161309882272,3.294491069802087e-17,4.652606551073157e-17,"Significant, modest FC"
B3GNT7,-0.522135984950695,3.796842308144548e-17,5.3534255695221355e-17,"Significant, modest FC"
INS,-0.7558640337301783,4.399767859861714e-17,6.193573696787678e-17,"Significant, modest FC"
CCL21,-0.6790478976846404,1.1906200522098927e-16,1.673355425942429e-16,"Significant, modest FC"
KRT8,-0.3212538291223219,1.33310333520804e-16,1.870610599963922e-16,"Significant, modest FC"
IAPP,-0.628071380819852,1.3791246930526118e-16,1.932096415027381e-16,"Significant, modest FC"
EPHA2,-0.4156985429879487,1.4525709789377804e-16,2.0288540552470895e-16,"Significant, modest FC"
CCR2,0.1149161768032898,1.4528168149317814e-16,2.0288540552470895e-16,"Significant, modest FC"
CD80,0.14971013802809363,2.3183838573913193e-16,3.2324684307347965e-16,"Significant, modest FC"
ADGRE2,-0.3532315006809461,2.6467294723187153e-16,3.6844154717833545e-16,"Significant, modest FC"
IGFBP5,0.2038361735805898,3.085289474129823e-16,4.2881123119046825e-16,"Significant, modest FC"
TYMS,-0.45874973108345385,3.1728167954677564e-16,4.402785331685479e-16,"Significant, modest FC"
ANGPTL1,-0.5597336825681629,3.412519767617262e-16,4.727930230964199e-16,"Significant, modest FC"
JUNB,0.11225083703673278,3.8061842046333296e-16,5.265021368238849e-16,"Significant, modest FC"
CELSR2,-0.5079032648556208,4.0189223745752083e-16,5.550543185043241e-16,"Significant, modest FC"
TACSTD2,-0.6205142024486416,5.145387471899463e-16,7.095133353546902e-16,"Significant, modest FC"
TNFRSF10A,-0.7968225566988023,6.54390947215136e-16,9.00943266417071e-16,"Significant, modest FC"
IL2RB,-0.6048817062732201,1.094710683055567e-15,1.5047982273350035e-15,"Significant, modest FC"
MSMB,-0.6214878402775028,1.1393942289704497e-15,1.5637695442990368e-15,"Significant, modest FC"
SMARCB1,0.3425753486062524,1.337824619112093e-15,1.83323779837704e-15,"Significant, modest FC"
IFNGR2,0.28071570398809165,3.5318715315426274e-15,4.832217368428837e-15,"Significant, modest FC"
PTK2,-0.18479131791686054,3.990159719375749e-15,5.450732202324817e-15,"Significant, modest FC"
Negative10,-0.7801504545540797,7.103696704065977e-15,9.68886782187537e-15,"Significant, modest FC"
CCND1,-0.26440069089665075,7.77692413380636e-15,1.0590624946192823e-14,"Significant, modest FC"
IL2,-0.6019801805223733,8.267236155175337e-15,1.1240877686959335e-14,"Significant, modest FC"
CASR,-0.5475857951119769,8.434664269813267e-15,1.1450774867842469e-14,"Significant, modest FC"
FZD5,0.24608857510963444,9.254168806257662e-15,1.2543904239703199e-14,"Significant, modest FC"
PRF1,-0.5533038546099369,1.0011661032477563e-14,1.3549732601053739e-14,"Significant, modest FC"
PDGFD,-0.10426206510782832,1.2685237492367872e-14,1.7141684562105738e-14,"Significant, modest FC"
HDAC5,-0.4263996906254055,1.3492622026294243e-14,1.8204660795477e-14,"Significant, modest FC"
COL16A1,0.206818005397857,1.5893234772732042e-14,2.1410701836691246e-14,"Significant, modest FC"
KRT15,-0.4504548394617027,1.5933150007494515e-14,2.1431553000878357e-14,"Significant, modest FC"
CXCL17,0.11274713591174734,1.723387307047358e-14,2.314564576233588e-14,"Significant, modest FC"
ROR1,0.14360924847039014,1.7912080500258526e-14,2.4019716511814567e-14,"Significant, modest FC"
PROX1,-0.21244681084411687,2.2615314737402837e-14,3.028035270946914e-14,"Significant, modest FC"
JAK2,-0.27478192404572743,2.5229598053519246e-14,3.372920349532985e-14,"Significant, modest FC"
S100B,-0.5364788122577087,2.551997100343284e-14,3.406547118723075e-14,"Significant, modest FC"
GPER1,-0.47390738145237776,2.7589024536931474e-14,3.677138984633572e-14,"Significant, modest FC"
GPBAR1,0.1050176093840911,4.6680862406667805e-14,6.212309003133182e-14,"Significant, modest FC"
EPHB2,0.1344500023869264,8.30062719071041e-14,1.1029772797353075e-13,"Significant, modest FC"
ADGRF3,0.12824702823791245,1.1348353461542622e-13,1.5056741279535372e-13,"Significant, modest FC"
GCG,-0.5292825864497734,1.251430071680465e-13,1.6578612883138486e-13,"Significant, modest FC"
PECAM1,-0.2142898858761848,2.8055855347879116e-13,3.711159146318248e-13,"Significant, modest FC"
LGR5,-0.554812263813409,4.5727943718568775e-13,6.039669674877232e-13,"Significant, modest FC"
ITGB6,-0.5702548370202161,6.214791901425191e-13,8.196048868496079e-13,"Significant, modest FC"
CD14,-0.10156426934455354,7.086695231550969e-13,9.331879456561862e-13,"Significant, modest FC"
COTL1,0.327870127980058,7.51589724156658e-13,9.882221710425622e-13,"Significant, modest FC"
TLR7,-0.48058888367110053,9.155679399523255e-13,1.202025573859565e-12,"Significant, modest FC"
CD86,-0.4218507003125145,9.629534473150279e-13,1.2623470452844238e-12,"Significant, modest FC"
IGHA1,0.5121090071841516,1.7234724821068536e-12,2.255948308668225e-12,"Significant, modest FC"
RAC2,0.1737423543102672,1.8855746024687313e-12,2.4644544357154655e-12,"Significant, modest FC"
CTSG,-0.3648355249394335,2.3916555463277985e-12,3.121252848406963e-12,"Significant, modest FC"
TUBB,0.16662472989860877,2.5756483669607073e-12,3.356379818461427e-12,"Significant, modest FC"
IL20RA,0.1597868247131593,2.6518710125585944e-12,3.450579937706064e-12,"Significant, modest FC"
TNFAIP6,0.19981353169697824,3.249575095827338e-12,4.2220405319119636e-12,"Significant, modest FC"
IGF1R,-0.24606528311117248,3.2645903569414244e-12,4.2352747678071435e-12,"Significant, modest FC"
GZMH,-0.5289473799878901,3.4356316280423373e-12,4.450589272958833e-12,"Significant, modest FC"
TNFRSF21,-0.3261964245704547,3.503085997523639e-12,4.5312779053513735e-12,"Significant, modest FC"
SLC2A1,-0.10347375433725658,4.45081987559929e-12,5.748702549190836e-12,"Significant, modest FC"
LAG3,-0.5188710555398444,6.936406597768074e-12,8.945924391533236e-12,"Significant, modest FC"
IL3RA,0.11543772930953566,8.924356737746065e-12,1.149289406608414e-11,"Significant, modest FC"
TFEB,-0.35512899356967664,1.0254380223541433e-11,1.3186351108571608e-11,"Significant, modest FC"
VEGFB,-0.11834262556767872,1.05275589339118e-11,1.3512674856202239e-11,"Significant, modest FC"
FCGBP,-0.4303283816519312,1.0538961917494106e-11,1.3512674856202239e-11,"Significant, modest FC"
LIF,0.18082198754671364,1.1005870983733206e-11,1.4090728252166454e-11,"Significant, modest FC"
CAMP,-0.4788995691469151,1.4626249727388954e-11,1.8698572902215908e-11,"Significant, modest FC"
SRC,-0.290738306763485,1.4892373521509164e-11,1.9011079444488407e-11,"Significant, modest FC"
CD5L,-0.45145739573854105,1.6521111838395172e-11,2.1059614945163612e-11,"Significant, modest FC"
ENTPD1,0.2932158540086047,2.0088804194113156e-11,2.557021956202792e-11,"Significant, modest FC"
PNOC,-0.5320406383430993,2.7798059407498607e-11,3.533173637735692e-11,"Significant, modest FC"
DUSP2,0.21397594272836962,3.607737463738881e-11,4.578850587118667e-11,"Significant, modest FC"
COL3A1,0.32552251128016474,3.635876269160505e-11,4.6078952139505245e-11,"Significant, modest FC"
PTPRC,-0.27809522528228037,4.2752013236232734e-11,5.4103197125795246e-11,"Significant, modest FC"
CCL18,-0.7649176098547823,6.793271940948589e-11,8.58458140088172e-11,"Significant, modest FC"
S100A2,0.23230013282142936,6.909128544486335e-11,8.718425515848223e-11,"Significant, modest FC"
IL11RA,0.2661719428884577,7.489981637424163e-11,9.437807321869238e-11,"Significant, modest FC"
FFAR2,-0.48740320259088055,8.199263941658718e-11,1.0316720913679621e-10,"Significant, modest FC"
HEY1,0.14658178180942327,9.473902950967057e-11,1.1903456859596145e-10,"Significant, modest FC"
VWA1,0.24708430628155598,9.49808652663384e-11,1.1916769504803831e-10,"Significant, modest FC"
PTGDR2,-0.6591148780723556,9.519593155415979e-11,1.1926690281856876e-10,"Significant, modest FC"
CSF3,-0.4842789940482235,1.9617298980965472e-10,2.4542612277185047e-10,"Significant, modest FC"
TPSAB1/B2,0.2031439184137307,1.974820796023275e-10,2.4671194275105587e-10,"Significant, modest FC"
ICAM2,-0.3754282763267245,2.021091258068227e-10,2.5213329065801356e-10,"Significant, modest FC"
PGR,-0.39855645846301235,2.218206443651227e-10,2.763305470287111e-10,"Significant, modest FC"
TNFRSF18,0.11974897562946274,2.490493502921779e-10,3.0981032653367375e-10,"Significant, modest FC"
ACE,-0.4232787451957276,2.9587487854291903e-10,3.675386239123796e-10,"Significant, modest FC"
CIITA,-0.15755367700707734,3.943597577212965e-10,4.891845933827115e-10,"Significant, modest FC"
ITGAV,0.15136816456303537,4.145486973870253e-10,5.135017056616119e-10,"Significant, modest FC"
KRT19,-0.49245201666677696,4.254296012493454e-10,5.26236615367667e-10,"Significant, modest FC"
NRXN3,-0.39169262271329663,5.452434281078826e-10,6.734908259867789e-10,"Significant, modest FC"
H4C3,0.14311161647889747,6.106703984134537e-10,7.532460469881841e-10,"Significant, modest FC"
ACACB,0.1274761071150774,8.709349237263749e-10,1.0727667529607174e-9,"Significant, modest FC"
CD4,-0.21886484725723188,9.45580123992044e-10,1.163076814503538e-9,"Significant, modest FC"
RYR2,-0.34108529591785874,9.640545794490432e-10,1.1841398685949734e-9,"Significant, modest FC"
CALM2,0.3639446850614476,1.375311414943703e-9,1.6869204348330454e-9,"Significant, modest FC"
ANKRD1,-0.2983991212113941,1.7256896321455502e-9,2.113728781273251e-9,"Significant, modest FC"
MALAT1,-0.1800817599370852,2.243439736372311e-9,2.744067850486076e-9,"Significant, modest FC"
PTGES2,-0.3569983762062974,2.9056577702279295e-9,3.5491112318800755e-9,"Significant, modest FC"
EPCAM,-0.42408673270767916,2.9873072738639304e-9,3.643767008593417e-9,"Significant, modest FC"
COL5A1,0.36248194762697494,3.4968117144271736e-9,4.259310935489765e-9,"Significant, modest FC"
HCAR2/3,-0.4725826030415181,4.130810813058328e-9,5.024578478574415e-9,"Significant, modest FC"
KRT13,0.19386562866323076,6.4408001806836465e-9,7.82352044107972e-9,"Significant, modest FC"
RARRES1,-0.3403077674025252,6.71586608710477e-9,8.146354852546173e-9,"Significant, modest FC"
RPS4Y1,0.23825237167458324,6.744734408677138e-9,8.170071928742886e-9,"Significant, modest FC"
KRT10,-0.600844117518913,7.661340617865686e-9,9.267580306025113e-9,"Significant, modest FC"
HCK,-0.23655023495704852,8.990415800789754e-9,1.0860323219411313e-8,"Significant, modest FC"
CALD1,0.17283294622015433,1.6895321728915794e-8,2.0381289073258803e-8,"Significant, modest FC"
WNT9A,-0.527790683339098,1.729527323571008e-8,2.083510251060129e-8,"Significant, modest FC"
DDIT3,-0.1278101218361376,1.9847608778558732e-8,2.3877027296016473e-8,"Significant, modest FC"
FABP4,0.21240595657521855,2.5309004892465154e-8,3.040547574067389e-8,"Significant, modest FC"
CCL20,-0.3555675061783625,2.5605011042777553e-8,3.071900777635556e-8,"Significant, modest FC"
SOX2,-0.4630032612678925,2.8775316670660295e-8,3.4475345246132624e-8,"Significant, modest FC"
CD28,-0.1611014707092897,4.7622591863716844e-8,5.697818971961756e-8,"Significant, modest FC"
TGFBR1,0.12257213883315998,5.38661669784154e-8,6.436052920990505e-8,"Significant, modest FC"
KRT80,-0.5973310528020312,5.440329523035044e-8,6.491386383267664e-8,"Significant, modest FC"
FGFR2,-0.5874009516764915,6.103611356954197e-8,7.272917337022867e-8,"Significant, modest FC"
LEFTY1,-0.6206894035937249,7.716322904424684e-8,9.182110158996538e-8,"Significant, modest FC"
CXCR3,-0.3885867939046521,8.63404323230553e-8,1.0260238366845461e-7,"Significant, modest FC"
CD300A,-0.36920885739444365,9.751910982057064e-8,1.1572971490208452e-7,"Significant, modest FC"
ATM,-0.15512790468119952,1.280262229601998e-7,1.5172837504877732e-7,"Significant, modest FC"
IFIH1,-0.25229089246763126,1.6317661131250677e-7,1.9312535508916117e-7,"Significant, modest FC"
NR2F2,0.2754505824424558,1.7635372367892718e-7,2.0843964375528187e-7,"Significant, modest FC"
CX3CL1,-0.24832398320233606,1.7770681478806794e-7,2.0975622687636013e-7,"Significant, modest FC"
IDO1,-0.33570716505584386,1.8236643850268346e-7,2.1496689054684595e-7,"Significant, modest FC"
FAS,-0.18356711110062762,2.0019280214865422e-7,2.3566320467700637e-7,"Significant, modest FC"
CSF2RB,0.14109420552474017,2.250696502684227e-7,2.6459260494022344e-7,"Significant, modest FC"
CLEC4E,-0.4578451707844702,3.4132993770245664e-7,4.007313994177436e-7,"Significant, modest FC"
SAA1/2,-0.15637764038843338,3.5086269981930956e-7,4.113724435047252e-7,"Significant, modest FC"
HMGN2,0.23399560309876932,4.341401174586645e-7,5.083322870644176e-7,"Significant, modest FC"
GATA3,-0.32632530551864525,5.825742195595226e-7,6.812234540716017e-7,"Significant, modest FC"
PCNA,0.2664877469336133,7.167959697180898e-7,8.37057344131511e-7,"Significant, modest FC"
QRFPR,-0.47804405544238504,9.394357915885482e-7,1.0955920069456872e-6,"Significant, modest FC"
ADM2,-0.6431161399848051,1.095226009741446e-6,1.2755819529126802e-6,"Significant, modest FC"
COL18A1,0.2991587965919207,1.1171652427016008e-6,1.2994083791104825e-6,"Significant, modest FC"
MZB1,-0.6069372357899772,1.3758744810344542e-6,1.598201218367174e-6,"Significant, modest FC"
CCL28,-0.41381546019252524,1.4505145076383949e-6,1.682673575659884e-6,"Significant, modest FC"
SELPLG,-0.1932977243241405,1.8214939406906966e-6,2.110238026401243e-6,"Significant, modest FC"
PTGES,-0.27414356290599784,1.8861335040806731e-6,2.182241534404684e-6,"Significant, modest FC"
ICAM3,-0.4122705766164494,2.5246905960772917e-6,2.9171984884845653e-6,"Significant, modest FC"
TTN,-0.11838579797108117,2.528950125500418e-6,2.918275342189298e-6,"Significant, modest FC"
DLL4,-0.2738005830437027,3.190168369656319e-6,3.676448962140068e-6,"Significant, modest FC"
IFNA1/13,-0.332665543689479,4.836753936725917e-6,5.566710239512638e-6,"Significant, modest FC"
COL11A1,-0.35150826646522804,1.0875843138280366e-5,1.2500805284760001e-5,"Significant, modest FC"
GDF15,-0.30633022034628854,1.9524555692709405e-5,2.2412349924746268e-5,"Significant, modest FC"
CD81,0.13015199850156822,1.956185910445009e-5,2.2425817561572193e-5,"Significant, modest FC"
TCL1A,-0.6136356591610393,2.511938105641074e-5,2.875939580479402e-5,"Significant, modest FC"
KLK3,-0.17697561592535305,2.5224465940996897e-5,2.884205558051405e-5,"Significant, modest FC"
CSHL1,-0.2905672486962989,3.315208083152775e-5,3.785725897037738e-5,"Significant, modest FC"
SELENOP,0.6773806086332486,4.7148688579682866e-5,5.377035095498293e-5,"Significant, modest FC"
CXCL10,-0.36413612277511365,4.795452442640462e-5,5.461833496358033e-5,"Significant, modest FC"
IL34,0.11087793462605511,5.874309314984593e-5,6.681931607317105e-5,"Significant, modest FC"
TNFRSF4,-0.5431725204737812,7.303419760211492e-5,8.296760530706579e-5,"Significant, modest FC"
ADGRG3,-0.3185654241660889,8.450492271891845e-5,9.587427842754396e-5,"Significant, modest FC"
CUZD1,-0.2501666176475257,9.92598589550436e-5,1.1246885827335043e-4,"Significant, modest FC"
TNFRSF14,0.29612932121703217,1.0854928667990283e-4,1.228357734429352e-4,"Significant, modest FC"
BST2,0.1451322045720378,1.256261545095765e-4,1.4197698132074562e-4,"Significant, modest FC"
Negative07,-0.349734617102603,1.852827863590064e-4,2.0912870480932898e-4,"Significant, modest FC"
RAMP2,-0.11901042045598542,3.178766860114596e-4,3.5832629001548847e-4,"Significant, modest FC"
MMP2,0.18376171076575876,3.948709370505052e-4,4.445466133418396e-4,"Significant, modest FC"
MYH6,-0.1776444208464949,5.37277395812811e-4,6.040926617023528e-4,"Significant, modest FC"
PDCD1,-0.311829208571061,6.155560835279426e-4,6.912198274699176e-4,"Significant, modest FC"
ITGA1,0.17197123198958186,6.19364098179462e-4,6.946065397741536e-4,"Significant, modest FC"
TNXA/B,0.10570560766011727,6.693115317461505e-4,7.496631077156756e-4,"Significant, modest FC"
RBM47,-0.11389766213424202,7.811226569876393e-4,8.737813395129587e-4,"Significant, modest FC"
IL10,-0.38213222448730244,9.101936816989257e-4,0.0010168660622292456,"Significant, modest FC"
PDGFRB,0.27754970804131496,9.323746657946585e-4,0.0010403213510202488,"Significant, modest FC"
AHI1,0.24505368561234286,0.0011652393459645376,0.0012984941631650564,"Significant, modest FC"
PLAC9,0.16673199523008453,0.0015959657924805115,0.0017762208121896046,"Significant, modest FC"
FCRLA,-0.36710937168830626,0.0016922995978594082,0.0018810478419806096,"Significant, modest FC"
RPL32,0.18312795752503508,0.0017495900906269834,0.0019422664676960308,"Significant, modest FC"
CD3G,-0.20809248452524542,0.0018223949570574005,0.002020531450492213,"Significant, modest FC"
CYSTM1,0.13743210748515544,0.002083453710153793,0.0023070566967233284,"Significant, modest FC"
ESR1,-0.19970656569871403,0.0024229805288819013,0.00267963924820861,"Significant, modest FC"
GAS6,0.25425086517858775,0.00243198015684293,0.002686204782810138,"Significant, modest FC"
MYL7,-0.13235595452867632,0.0029517495829827736,0.0032562067726740786,"Significant, modest FC"
IL24,-0.4282953688827793,0.003849741302871735,0.0042414863349478785,"Significant, modest FC"
PLAC8,-0.22966028997965227,0.004638019635640803,0.005103567403333732,"Significant, modest FC"
ADGRA3,-0.24970459704466164,0.004754430358762041,0.005225107048413923,"Significant, modest FC"
HSPG2,0.11467453314321974,0.004971560660292631,0.005456894491960748,"Significant, modest FC"
IFIT3,-0.18317982216227646,0.005163232987500266,0.005660194162547166,"Significant, modest FC"
GZMB,-0.3854980349099253,0.005444165002381135,0.005960714990122666,"Significant, modest FC"
IL11,-0.3941623112057595,0.005631693898570054,0.006158348564895184,"Significant, modest FC"
SCG5,-0.35972197965423347,0.006145008603388169,0.006711298312791312,"Significant, modest FC"
MZT2A/B,-0.31285913582655756,0.007414137385695408,0.008078451995611512,"Significant, modest FC"
EZR,0.17393923759954033,0.007415226746256861,0.008078451995611512,"Significant, modest FC"
AGR2,-0.12783620111844418,0.009245262978398169,0.01005967200006848,"Significant, modest FC"
EZH2,-0.2909355749467146,0.009489409569790054,0.010312530598148547,"Significant, modest FC"
SH3BGRL3,0.2294320216054846,0.009881608044253027,0.010725458236150872,"Significant, modest FC"
MYL12A,0.39486117121990905,0.010227041646232908,0.011086669374222818,"Significant, modest FC"
IL17A,-0.25613137957650456,0.011743672172537085,0.012715062339895092,"Significant, modest FC"
SST,-0.3702273093274494,0.01826068995570158,0.019746763367632907,"Significant, modest FC"
IL17RB,-0.3562080335927713,0.020087258207292243,0.021695228383984355,"Significant, modest FC"
TLR8,-0.23256126747187444,0.02847386721765752,0.030715352459883945,"Significant, modest FC"
CSF1R,0.12318786875757759,0.036792215832707094,0.039639770620742164,"Significant, modest FC"
ICOS,-0.2025702165303187,0.04217074934211622,0.04537883088716064,"Significant, modest FC"
HSD17B2,-0.298988366188893,0.0451007363506845,0.048472237474939096,"Significant, modest FC"
